,STATION,LINE,X,Y,t_station,t_linename,t_entries,t_exits,GEOID
163,AQUEDUCT RACETRACK,A,-73.83591899999999,40.672096999999994,AQUEDUCT RACETR,A,15.14285714,8.857142857000001,36081086400
172,AVE I,F,-73.97606933,40.62501744,AVENUE I,F,232.28571430000002,24.71428571,36047046202
212,BROAD CHANNEL,A-S,-73.81583269,40.60840218,BROAD CHANNEL,AS,27.28571429,27.42857143,36081107201
272,DYCKMAN ST,A,-73.92727099999999,40.865491,DYCKMAN ST,A,527.2857143,53.71428571,36061028700
188,BEACH 105TH ST,A-S,-73.82758075,40.58326844,BEACH 105 ST,AS,17.57142857,55.28571429,36081093800
132,75TH AVE,E-F,-73.83692369,40.71804465,75 AV,EF,163.71428569999998,56.85714286,36081076901
4,104TH ST,A-S,-73.837683,40.681711,104 ST,A,135.28571430000002,71.28571429,36081009400
184,BAY PKY,F,-73.97525698,40.62073162,BAY PKWY,F,133.4285714,72.42857143,36047045000
181,BAY 50TH ST,D,-73.983765,40.58884067,BAY 50 ST,D,246.28571430000002,78.42857143,36047030600
70,238TH ST,1,-73.90087,40.884667,238 ST,1,445.42857139999995,78.85714286,36005028300
24,145TH ST,3,-73.936245,40.820421,145 ST,3,322.85714289999993,89.85714286,36061023200
195,BEACH 98TH ST,A-S,-73.82052059,40.58538569,BEACH 98 ST,AS,55.85714286,98.14285714,36081094201
206,BOROUGH HALL,3-Feb,-73.989998,40.693219,BOROUGH HALL,R2345,77.85714286,104.8571429,36047001100
8,111TH ST,A-S,-73.832163,40.684331,111 ST,A,239.28571430000002,107.7142857,36081009600
364,LORIMER ST,L,-73.950248,40.714071999999994,LORIMER ST,LG,195.0,110.8571429,36047050100
383,NECK RD,Q,-73.95507827,40.59532169,NECK RD,BQ,370.42857139999995,114.0,36047058600
175,AVE N,F,-73.97404851,40.61435671,AVENUE N,F,253.71428569999998,115.57142859999999,36047044600
63,215TH ST,1,-73.915279,40.869444,215 ST,1,185.8571429,116.42857140000001,36061030300
384,NEPTUNE AVE,F,-73.97459273,40.58073876,NEPTUNE AV,F,185.28571430000002,117.8571429,36047035400
126,6TH AVE,L,-73.99775079,40.73774147,6 AV,FLM123,-29.71428571,121.42857140000001,36061007100
150,88TH ST,A-S,-73.85146999999999,40.679843,88 ST,A,257.5714286,121.57142859999999,36081005400
162,AQUEDUCT - NORTH CONDUIT AV,A,-73.834058,40.668234000000005,AQUEDUCT N.COND,A,75.28571429,122.8571429,36081008800
294,FRANKLIN ST,2-Jan,-74.006886,40.719318,FRANKLIN ST,1,122.2857143,126.8571429,36061003300
110,55TH ST,D,-73.99534883,40.63147876,55 ST,D,252.1428571,127.8571429,36047024000
417,RECTOR ST,R-W,-74.01297456,40.70774476,RECTOR ST,NRW,157.1428571,128.1428571,36061001300
297,FT HAMILTON PKWY,F-G,-73.975776,40.65078167,FT HAMILTON PKY,FG,209.0,128.7142857,36047050401
431,SPRING ST,A-C-E,-74.003739,40.726227,SPRING ST,CE,304.57142860000005,130.2857143,36061004900
177,AVE U,F,-73.97337642,40.59592483,AVENUE U,F,198.71428569999998,132.7142857,36047039800
249,CITY HALL,R-W,-74.00698582,40.71327233,CITY HALL,NRW,168.71428569999998,134.28571430000002,36061003100
76,25TH AVE,D,-73.986829,40.59770367,25 AV,D,344.0,138.0,36047030000
194,BEACH 90TH ST,A-S,-73.81365140000001,40.58809156,BEACH 90 ST,AS,89.0,140.0,36081094202
234,CANARSIE - ROCKAWAY PKWY,L,-73.90185,40.64665367,CANARSIE-ROCKAW,L,507.14285710000007,143.5714286,36047097400
265,CYPRESS HILLS,J,-73.873322,40.689616,CYPRESS HILLS,J,183.71428569999998,144.5714286,36047118000
9,111TH ST,J,-73.83679338,40.69711481,111 ST,J,192.71428569999998,144.71428569999998,36081012400
5,104TH-102ND STS,J-Z,-73.844435,40.695166,104 ST,JZ,260.4285714,151.4285714,36081002800
399,PARK PL,3-Feb,-74.008811,40.713051,PARK PLACE,23ACE,103.57142859999999,153.71428569999998,36061002100
340,JAY ST - METROTECH,N-R,-73.98605668,40.6922554,JAY ST-METROTEC,R,149.0,155.8571429,36047001100
170,ATLANTIC AVE,L,-73.903097,40.67534467,ATLANTIC AV,L,275.2857143,157.4285714,36047114400
281,ELMHURST AVE,E-M-R,-73.88203475,40.74237008,ELMHURST AV,MR,509.2857143,157.8571429,36081048100
203,BEVERLY RD,5-Feb,-73.94884798,40.64512352,BEVERLY RD,25,590.0,159.8571429,36047082600
62,20TH AVE,D,-73.99817432,40.604677,20 AV,D,419.85714289999993,162.8571429,36047028800
53,18TH AVE,D,-74.00159259,40.60773573,18 AV,D,487.57142860000005,171.0,36047027800
366,MARBLE HILL - 225TH ST,1,-73.90983100000001,40.874561,MARBLE HILL-225,1,654.8571429,175.5714286,36061030901
250,CLARK ST,3-Feb,-73.993086,40.697466,CLARK ST,23,179.8571429,182.1428571,36047000501
341,JEFFERSON ST,L,-73.922913,40.70660667,JEFFERSON ST,L,382.42857139999995,182.8571429,36047044700
456,W 8TH ST - NY AQUARIUM,F-Q,-73.97595787,40.57603382,W 8 ST-AQUARIUM,FQ,185.71428569999998,184.28571430000002,36047035400
416,RECTOR ST,1,-74.01378299999999,40.707513,RECTOR ST,1,167.0,187.28571430000002,36061001300
136,79TH ST,D,-74.00058287,40.61315893,79 ST,D,448.85714289999993,187.28571430000002,36047026400
220,BRONX PARK EAST,5-Feb,-73.86835609,40.84876867,BRONX PARK EAST,25,320.0,191.0,36005022000
68,231ST ST,1,-73.904834,40.878856,231 ST,1,885.0,194.5714286,36005028300
254,CLINTON - WASHINGTON AVES,G,-73.966796,40.688094,CLINTON-WASH AV,G,195.0,198.71428569999998,36047019700
54,18TH AVE,N,-73.990454,40.620687,18 AV,N,384.42857139999995,201.0,36047024800
176,AVE P,F,-73.97300282,40.60884281,AVENUE P,F,291.85714289999993,201.71428569999998,36047043800
191,BEACH 44TH ST,A,-73.776013,40.592943,BEACH 44 ST,A,150.1428571,202.4285714,36081097202
307,GRAND ARMY PLAZA,2/3/04,-73.97095633,40.6752947,GRAND ARMY PLAZ,23,342.42857139999995,202.71428569999998,36047015900
228,CANAL ST,2-Jan,-74.006277,40.722854,CANAL ST,1,141.0,203.5714286,36061003700
180,AVE X,F,-73.974266,40.58944967,AVENUE X,F,316.7142857,208.1428571,36047030800
14,121ST ST,J-Z,-73.828349,40.700482,121 ST,JZ,263.0,210.0,36081014400
327,HOWARD BEACH - JFK AIRPORT,A,-73.830301,40.660476,HOWARD BCH JFK,A,310.42857139999995,214.1428571,36081088400
135,77TH ST,R,-74.02551,40.62974167,77 ST,R,413.7142857,214.1428571,36047013600
58,191ST ST,1,-73.929412,40.855225,191 ST,1,155.4285714,215.5714286,36061027900
119,62ND ST,D,-73.99685725,40.62622446,62 ST,D,444.14285710000007,216.1428571,36047025000
127,71ST ST,D,-73.99884095,40.61925871,71 ST,D,444.14285710000007,216.1428571,36047026200
61,20TH AVE,N,-73.984522,40.617109,20 AV,N,220.8571429,223.5714286,36047025400
34,15TH ST - PROSPECT PARK,F-G,-73.97973581,40.66003569,15 ST-PROSPECT,FG,263.1428571,224.28571430000002,36047016900
141,80TH ST,A-S,-73.858992,40.679371,80 ST,A,358.85714289999993,225.28571430000002,36081004401
421,ROCKAWAY PARK - BEACH 116 ST,A-S,-73.83559009,40.58095587,ROCKAWAY PARK B,AS,110.8571429,225.5714286,36081093800
201,BERGEN ST,2/3/04,-73.97499915,40.68086214,BERGEN ST,23,162.1428571,226.71428569999998,36047012902
179,AVE U,N,-73.979084,40.597235999999995,AVENUE U,N,268.85714289999993,229.1428571,36047040000
190,BEACH 36TH ST,A,-73.768175,40.595397999999996,BEACH 36 ST,A,174.4285714,229.71428569999998,36081099200
279,EASTERN PKWY - BKLYN MUSEUM,2/3/04,-73.96422204,40.67203224,EASTN PKWY-MUSM,23,96.85714286,232.71428569999998,36047021500
65,21ST ST,G,-73.9496,40.74412867,21 ST,G,160.8571429,237.8571429,36081000702
227,BUSHWICK - ABERDEEN,L,-73.90526176,40.68286063,BUSHWICK AV,L,229.28571430000002,238.0,36047040500
90,39TH AVE,N-W,-73.93285138,40.75276306,39 AV,NQW,160.28571430000002,243.5714286,36081003100
56,18TH ST,2-Jan,-73.99787099999999,40.741040000000005,18 ST,1,192.5714286,243.5714286,36061008100
144,85TH ST - FOREST PKY,J,-73.860087,40.692427,85 ST-FOREST PK,J,384.14285710000007,245.5714286,36081001200
400,PARK PL,S,-73.957624,40.67477167,PARK PLACE,S,154.0,246.1428571,36047030500
299,FT HAMILTON PKWY,N,-74.005351,40.63138567,FT HAMILTON PKY,N,364.85714289999993,246.4285714,36047021400
213,BROAD ST,J-Z,-74.01105600000001,40.706476,BROAD ST,JZ,294.42857139999995,246.71428569999998,36061000700
187,BAYCHESTER AVE,5,-73.83859100000001,40.878663,BAYCHESTER AV,5,488.2857143,249.5714286,36005046208
207,BOTANIC GARDEN,S,-73.959245,40.67034267,BOTANIC GARDEN,S2345,118.8571429,262.0,36047021300
374,MORRIS PARK,5,-73.860495,40.854364000000004,MORRIS PARK,5,203.1428571,268.1428571,36005024800
371,MIDDLETOWN RD,6-6 Express,-73.836322,40.843863,MIDDLETOWN RD,6,194.71428569999998,272.42857139999995,36005026602
354,LAFAYETTE AVE,A-C,-73.973946,40.686113,LAFAYETTE AV,C,293.42857139999995,274.0,36047018100
174,AVE M,Q,-73.95924311,40.61739774,AVENUE M,BQ,458.7142857,275.0,36047076800
334,JACKSON AVE,5-Feb,-73.90770194,40.81643747,JACKSON AV,25,709.1428571,276.85714289999993,36005007900
121,65TH ST,E-M-R,-73.89878838,40.74971953,65 ST,MR,252.28571430000002,277.2857143,36081026100
325,HIGH ST,A-C,-73.990531,40.699337,HIGH ST,AC,317.2857143,278.42857139999995,36047001300
210,BRIARWOOD - VAN WYCK BLVD,E-F,-73.82069264,40.70916182,BRIARWOOD,EF,361.42857139999995,279.85714289999993,36081021603
465,WINTHROP ST,5-Feb,-73.95007935,40.65665931,WINTHROP ST,25,869.8571429,286.57142860000005,36047080400
270,DITMAS AVE,F,-73.978172,40.63611867,DITMAS AV,F,371.0,287.14285710000007,36047048600
89,36TH ST,E-M-R,-73.92901818,40.75196004,36 ST,MR,243.1428571,288.2857143,36081017102
178,AVE U,Q,-73.95581122,40.59930895,AVENUE U,BQ,558.1428571,290.2857143,36047058000
171,AVE H,Q,-73.96151794,40.62920838,AVENUE H,BQ,254.0,293.57142860000005,36047053200
244,CHAUNCEY ST,J-Z,-73.91038357,40.682851299999996,CHAUNCEY ST,JZ,426.14285710000007,299.0,36047036900
239,CENTRAL AVE,M,-73.927243,40.697873,CENTRAL AV,M,260.1428571,305.57142860000005,36047042300
424,SENECA AVE,M,-73.90758199999999,40.702919,SENECA AVE,M,268.2857143,306.85714289999993,36081054900
397,OCEAN PKWY,Q,-73.968501,40.57631167,OCEAN PKWY,Q,363.14285710000007,311.2857143,36047036200
385,NEREID AVE (238 ST),5-Feb,-73.85431531,40.89828652,NEREID AV,25,448.85714289999993,311.2857143,36005043400
420,ROCKAWAY BLVD,A-S,-73.843853,40.680429,ROCKAWAY BLVD,A,876.2857142999999,311.57142860000005,36081008600
324,HEWES ST,J-M,-73.95348800000001,40.70689,HEWES ST,JM,268.85714289999993,316.57142860000005,36047052900
130,72ND ST,A-B-C,-73.97633658,40.77551939999999,72 ST,BC,214.1428571,317.42857139999995,36061014300
123,67TH AVE,E-M-R,-73.85286048,40.72650548,67 AV,MR,508.2857143,327.42857139999995,36081071306
440,TIMES SQ - 42ND ST,N-Q-R-W,-73.98676800000001,40.754612,TIMES SQ-42 ST,ACENQRS1237W,199.6428571,328.2142857,36061011300
441,TIMES SQ - 42ND ST,S,-73.98622900000001,40.755983,TIMES SQ-42 ST,ACENQRS1237W,199.6428571,328.2142857,36061011900
274,E 143RD ST - ST MARY'S ST,6,-73.907657,40.808719,E 143/ST MARY'S,6,230.28571430000002,330.7142857,36005003100
472,ZEREGA AVE,6-6 Express,-73.847036,40.836488,ZEREGA AV,6,243.4285714,333.7142857,36005009600
118,5TH AVE - BRYANT PK,7-7 Express,-73.98196300000001,40.753821,5 AVE,7BDFM,308.2857143,334.0,36061008400
409,PRINCE ST,N-Q-R-W,-73.997702,40.72432867,PRINCE ST,NRW,183.4285714,339.0,36061004300
151,8TH AVE,L,-74.002578,40.73977667,8 AV,ACEL,287.85714289999993,340.0,36061008300
466,WOODHAVEN BLVD,J-Z,-73.852052,40.693704,WOODHAVEN BLVD,JZ,506.7142857,346.57142860000005,36081002200
67,225TH ST,5-Feb,-73.86021462,40.88802826,225 ST,25,614.1428571,348.42857139999995,36005040600
229,CANAL ST,R-W,-74.001826,40.719465,CANAL ST,JNQRZ6W,243.46428569999998,351.7857143,36061004500
230,CANAL ST,J-Z,-73.99982639,40.71817388,CANAL ST,JNQRZ6W,243.46428569999998,351.7857143,36061004100
231,CANAL ST,4-6-6 Express,-74.00019300000001,40.718803,CANAL ST,JNQRZ6W,243.46428569999998,351.7857143,36061004500
232,CANAL ST,N-Q,-74.00105471,40.71881426,CANAL ST,JNQRZ6W,243.46428569999998,351.7857143,36061004500
31,155TH ST,A-C,-73.941514,40.830518,155 ST,C,265.8571429,352.42857139999995,36061023501
289,FOREST AVE,M,-73.903075,40.704412,FOREST AVE,M,339.85714289999993,352.85714289999993,36081058900
1,103RD ST,A-B-C,-73.96137008,40.79606074,103 ST,BC,351.57142860000005,355.2857143,36061014300
192,BEACH 60TH ST,A,-73.788522,40.592374,BEACH 60 ST,A,418.85714289999993,357.0,36081097202
406,PELHAM PKWY,5,-73.85535899999999,40.858985,PELHAM PKWY,5,294.0,360.85714289999993,36005032600
235,CARROLL ST,F-G,-73.99494698,40.68027335,CARROLL ST,FG,469.57142860000005,362.85714289999993,36047007700
92,3RD AVE - 138TH ST,6-6 Express,-73.926138,40.810476,3 AV 138 ST,6,618.2857142999999,362.85714289999993,36005002300
298,FT HAMILTON PKWY,D,-73.99420224,40.64091271,FT HAMILTON PKY,D,491.14285710000007,365.0,36047011200
247,CHURCH AVE,5-Feb,-73.94945514,40.65086069,CHURCH AV,25,1221.4285710000001,373.85714289999993,36047081800
359,LIBERTY AVE,A-C,-73.896548,40.674541999999995,LIBERTY AV,C,376.7142857,376.57142860000005,36047119800
225,BURKE AVE,5-Feb,-73.86705362,40.8712588,BURKE AV,25,488.57142860000005,376.85714289999993,36005033800
153,8TH ST - NYU,N-Q-R-W,-73.992508,40.730465,8 ST-NYU,NRW,393.42857139999995,381.0,36061005700
260,COURT SQ - 23RD ST,E-M,-73.9460547,40.74776812,COURT SQ,EMG,327.2142857,381.2142857,36081000702
361,LONG ISLAND CITY - COURT SQ,G,-73.9438156,40.74630503,COURT SQ,EMG,327.2142857,381.2142857,36081001901
131,74TH ST - BROADWAY,7,-73.89120513,40.74686757,74 ST-BROADWAY,7EFMR,215.4285714,381.42857139999995,36081026700
183,BAY PKY,N,-73.98178001,40.61145579,BAY PKWY,N,367.0,383.85714289999993,36047043200
256,CORTELYOU RD,Q,-73.96379006,40.64094017,CORTELYOU RD,BQ,595.2857142999999,386.42857139999995,36047052000
208,BOWERY,J-Z,-73.99380691,40.72024688,BOWERY,JZ,169.0,389.85714289999993,36061001800
193,BEACH 67TH ST,A,-73.796924,40.590927,BEACH 67 ST,A,402.14285710000007,391.0,36081095400
389,NEW UTRECHT AVE,N,-73.996353,40.62484167,NEW UTRECHT AV,ND,420.7142857,391.85714289999993,36047025000
381,MYRTLE-WILLOUGHBY AVES,G,-73.949067,40.694619,MYRTLE-WILLOUGH,G,521.4285714,397.0,36047025300
133,75TH ST - ELDERT LN,J-Z,-73.867288,40.69129,75 ST-ELDERTS,JZ,420.7142857,399.42857139999995,36081000400
55,18TH AVE,F,-73.97697099999999,40.62975467,18 AV,F,400.42857139999995,401.85714289999993,36047048000
471,YORK ST,F,-73.986885,40.69974267,YORK ST,F,417.0,403.0,36047001300
142,81ST ST,A-B-C,-73.97209795,40.78134608,81 ST-MUSEUM,BC,310.57142860000005,403.42857139999995,36061014300
202,BEVERLY RD,Q,-73.9643578,40.643904600000006,BEVERLEY ROAD,BQ,349.7142857,404.85714289999993,36047152200
414,QUEENSBORO PLZ,7-7 Express-N-W,-73.94016354,40.75063565,QUEENSBORO PLZ,7NQW,881.5714286,408.57142860000005,36081001902
286,FLUSHING AVE,G,-73.950234,40.70037667,FLUSHING AV,G,281.14285710000007,409.0,36047050700
346,KINGS HWY,F,-73.97235531,40.60325841,KINGS HWY,F,360.2857143,409.42857139999995,36047041401
102,4TH AV - 9TH ST,D-N-R,-73.988302,40.67084667,4 AV-9 ST,DFGMNR,261.4285714,413.0,36047013700
408,PRESIDENT ST,5-Feb,-73.9505892,40.6678836,PRESIDENT ST,25,281.85714289999993,414.0,36047031900
321,HARLEM - 148 ST,3,-73.93647,40.823879999999996,HARLEM 148 ST,3,357.14285710000007,414.42857139999995,36061023600
315,GRAVESEND - 86TH ST,N,-73.978189,40.592465000000004,86 ST,N,309.7142857,416.7142857,36047030800
189,BEACH 25TH ST,A,-73.761353,40.600066,BEACH 25 ST,A,320.14285710000007,417.85714289999993,36081099801
370,MIDDLE VILLAGE - METROPOLITAN AVE,M,-73.88957723,40.71143131,METROPOLITAN AV,M,222.71428569999998,420.42857139999995,36081061301
435,SUTPHIN BLVD,F,-73.810833,40.705418,SUTPHIN BLVD,F,388.14285710000007,424.2857143,36081023800
139,7TH AVE,B-Q,-73.97285279,40.67710218,7 AV,BQ,353.2857143,433.85714289999993,36047016100
64,219TH ST,5-Feb,-73.86250971,40.88388797,219 ST,25,500.14285710000007,435.14285710000007,36005039600
449,VAN CORTLANDT PARK - 242ND ST,1,-73.898583,40.889247999999995,V.CORTLANDT PK,1,688.0,435.14285710000007,36005028500
326,HOUSTON ST,2-Jan,-74.005367,40.728251,HOUSTON ST,1,459.14285710000007,437.14285710000007,36061003700
185,BAY RIDGE - 95TH ST,R,-74.030876,40.61662167,BAY RIDGE-95 ST,R,549.7142857000001,438.57142860000005,36047005400
173,AVE J,Q,-73.96069316,40.62502282,AVENUE J,BQ,541.7142857000001,442.14285710000007,36047053200
13,116TH ST - COLUMBIA UNIVERSITY,1,-73.96410999999999,40.807722,116 ST-COLUMBIA,1,485.42857139999995,444.2857143,36061020500
108,52ND ST,7,-73.912549,40.744149,52 ST,7,410.0,446.0,36081025302
267,DEKALB AVE,L,-73.91823199999999,40.703693,DEKALB AV,L,667.1428571,446.2857143,36047044300
106,50TH ST,D,-73.99465878,40.63626089,50 ST,D,417.7142857,449.0,36047022000
430,SPRING ST,4-6-6 Express,-73.997141,40.722301,SPRING ST,6,249.0,452.57142860000005,36061004500
353,KOSCIUSZKO ST,J,-73.92850899999999,40.693172,KOSCIUSZKO ST,J,452.2857143,453.42857139999995,36047039300
464,WILSON AVE,L,-73.9039586,40.68886654,WILSON AV,L,384.42857139999995,458.2857143,36047040900
116,5TH AVE - 53RD ST,E-M,-73.97524851,40.76008683,5 AV/53 ST,EM,298.14285710000007,459.2857143,36061010200
304,FULTON ST,G,-73.975375,40.687119,FULTON ST,G,376.14285710000007,461.0,36047003300
259,COURT SQ,7-7 Express,-73.945264,40.747023,COURT SQ,7,332.42857139999995,463.2857143,36081001901
320,HALSEY ST,J,-73.91663888,40.68641527,HALSEY ST,J,613.8571429,464.42857139999995,36047039700
305,GATES AVE,J-Z,-73.922156,40.689584,GATES AV,JZ,684.1428571,466.0,36047039700
83,33RD ST,7,-73.93099699999999,40.744587,33 ST-RAWSON ST,7,350.42857139999995,472.0,36081017902
69,233RD ST,5-Feb,-73.85736240000001,40.89314324,233 ST,25,794.1428571,473.2857143,36005042200
78,28TH ST,N-Q-R-W,-73.988698,40.745453999999995,28 ST,NRW,271.85714289999993,475.0,36061007600
447,UNION ST,D-N-R,-73.98311,40.67731567,UNION ST,R,334.7142857,477.57142860000005,36047011901
434,STERLING ST,5-Feb,-73.95072891,40.66277299,STERLING ST,25,522.5714286,479.0,36047032900
91,3RD AVE,L,-73.98575,40.732690999999996,3 AV,L,453.14285710000007,479.85714289999993,36061004800
368,METROPOLITAN AVE,G,-73.951424,40.712773999999996,METROPOLITAN AV,GL,531.8571429,486.0,36047051300
251,CLASSON AVE,G,-73.95999,40.688889,CLASSON AV,G,350.0,487.14285710000007,36047023300
125,69TH ST,7,-73.896403,40.746325,69 ST,7,376.7142857,489.42857139999995,36081026300
458,WALL ST,5-Apr,-74.011862,40.707557,WALL ST,45,501.42857139999995,495.85714289999993,36061000700
148,86TH ST,A-B-C,-73.96882849,40.78582305,86 ST,BC,394.85714289999993,499.7142857,36061014300
57,190TH ST,A,-73.93418,40.859021999999996,190 ST,A,294.0,500.0,36061028100
463,WHITLOCK AVE,6,-73.88628299999999,40.826525,WHITLOCK AV,6,299.0,500.14285710000007,36005012300
452,VAN SICLEN AVE,J-Z,-73.89165773,40.67802821,VAN SICLEN AV,JZ,387.7142857,505.85714289999993,36047119800
410,PROSPECT AVE,D-N-R,-73.99287199999999,40.66541367,PROSPECT AV,R,354.7142857,506.85714289999993,36047014300
224,BUHRE AVE,6-6 Express,-73.83256899999999,40.84681,BUHRE AV,6,368.7142857,506.85714289999993,36005026601
407,PENNSYLVANIA AVE,4-Mar,-73.89488591,40.66471445,PENNSYLVANIA AV,3,795.1428571,507.2857143,36047112600
87,36TH AVE,N-W,-73.929862,40.756442,36 AV,NQW,390.7142857,507.85714289999993,36081005100
215,BROADWAY,G,-73.95031226,40.70612658,BROADWAY,G,468.7142857,508.57142860000005,36047051100
19,135TH ST,A-B-C,-73.94753481,40.81790556,135 ST,BC,387.0,511.14285710000007,36061022102
112,57TH ST,F,-73.977368,40.764084999999994,57 ST,F,378.14285710000007,518.2857143,36061011201
351,KINGSTON AVE,4-Mar,-73.94215978,40.66948145,KINGSTON AV,3,429.42857139999995,520.8571429,36047033700
426,SHEPHERD AVE,A-C,-73.88075,40.67413,SHEPHERD AV,C,468.42857139999995,521.2857143,36047116600
363,LORIMER ST,J-M,-73.947355,40.703844000000004,LORIMER ST,JM,445.7142857,522.1428571,36047049100
352,KNICKERBOCKER AVE,M,-73.91972,40.69866,KNICKERBOCKER,M,415.57142860000005,524.2857143,36047043100
372,MONTROSE AVE,L,-73.93979285,40.70739106,MONTROSE AV,L,500.57142860000005,525.5714286,36047049302
470,WORLD TRADE CENTER,E,-74.00974462,40.71256393,WORLD TRADE CTR,ACE23,451.2857143,527.5714286,36061002100
137,79TH ST,2-Jan,-73.979917,40.783934,79 ST,1,535.4285714,530.1428571,36061016700
330,HUNTERS POINT AVE,7-7 Express,-73.948916,40.742216,HUNTERS PT AV,7,388.7142857,533.1428571,36081000104
345,KINGS HWY,N,-73.980373,40.604059,KINGS HWY,N,432.42857139999995,536.1428571,36047042600
422,ROOSEVELT ISLAND - MAIN ST,F,-73.95323499999999,40.759172,ROOSEVELT ISLND,F,468.0,538.0,36061023804
104,50TH ST,A-C-E,-73.985984,40.762456,50 ST,CE,637.0,538.2857142999999,36061013300
468,WOODLAWN,4,-73.878751,40.886037,WOODLAWN,4,868.0,539.0,36005043101
319,HALSEY ST,L,-73.90393399999999,40.695518,HALSEY ST,L,605.0,540.8571429,36081055500
80,28TH ST,2-Jan,-73.993365,40.747215000000004,28 ST,1,449.2857143,544.4285714,36061009500
120,63RD DR - REGO PARK,E-M-R,-73.86161820000001,40.72976397,63 DR-REGO PARK,MR,1003.571429,546.5714286,36081069300
114,59TH ST - COLUMBUS CIRCLE,2-Jan,-73.98192900000001,40.768246999999995,59 ST COLUMBUS,1ABCD,492.0,550.8571429,36061014500
159,9TH AVE,D,-73.99444874,40.64648408,9 AV,D,461.7142857,552.4285714,36047011000
392,NORTHERN BLVD,E-M-R,-73.90606508,40.75282483,NORTHERN BLVD,MR,488.7142857,553.2857142999999,36081025500
32,155TH ST,B-D,-73.938209,40.830135,155 ST,BD,678.4285714,554.2857142999999,36061024302
253,CLINTON - WASHINGTON AVES,A-C,-73.965838,40.683263000000004,CLINTON-WASH AV,C,271.0,556.4285714,36047019900
77,25TH ST,D-N-R,-73.998091,40.66039667,25 ST,R,410.7142857,557.1428571,36047010100
200,BERGEN ST,F-G,-73.99075649999999,40.68611055,BERGEN ST,FG,466.7142857,561.7142857000001,36047006900
72,23RD ST,N-Q-R-W,-73.98934399999999,40.74130267,23 ST,NRW,588.4285714,562.5714286,36061005600
41,168TH ST,A-C,-73.939561,40.840719,168 ST,AC1,1103.4285710000001,562.7142857000001,36061025100
301,FULTON ST,J-Z,-74.007938,40.71002267,FULTON ST,ACJZ2345,551.9285714,563.0,36061001502
303,FULTON ST,A-C,-74.00762309,40.71016217,FULTON ST,ACJZ2345,551.9285714,563.0,36061001501
362,LONGWOOD AVE,6,-73.896435,40.816103999999996,LONGWOOD AV,6,355.57142860000005,564.5714286,36005008500
217,BROADWAY JUNCTION,L,-73.90311758,40.67845625,BROADWAY JCT,ACJLZ,490.66666669999995,564.9047619,36047036700
218,BROADWAY JUNCTION,J-Z,-73.90429,40.679365999999995,BROADWAY JCT,ACJLZ,490.66666669999995,564.9047619,36047040500
219,BROADWAY JUNCTION,A-C,-73.905316,40.67833367,BROADWAY JCT,ACJLZ,490.66666669999995,564.9047619,36047036700
287,FORDHAM RD,4,-73.901034,40.862803,FORDHAM RD,4,1516.4285710000001,565.4285714,36005040100
291,FRANKLIN AVE,2-3-4-5,-73.95809974,40.67076515,FRANKLIN AV,2345S,741.0,569.2857142999999,36047021700
97,45TH ST,N-R,-74.010006,40.64893867,45 ST,R,687.7142857000001,569.5714286,36047008000
138,7TH AVE,F-G,-73.98025118,40.66624469,7 AV,FG,645.8571429,571.1428571,36047015100
292,FRANKLIN AVE,A-C,-73.956848,40.68137967,FRANKLIN AV,ACS,286.07142860000005,572.0,36047022700
293,FRANKLIN AVE - FULTON ST,S,-73.955827,40.68059567,FRANKLIN AV,ACS,286.07142860000005,572.0,36047022700
450,VAN SICLEN AVE,A-C,-73.89035799999999,40.672709999999995,VAN SICLEN AVE,C,424.0,576.4285714,36047115200
165,ASTORIA - DITMARS BLVD,N-W,-73.91203399999999,40.77503567,ASTORIA BLVD,NQW,431.42857139999995,577.0,36081011500
373,MORGAN AVE,L,-73.93314699999999,40.70615167,MORGAN AV,L,418.85714289999993,577.7142857000001,36047045300
257,CORTLANDT ST,R-W,-74.01113196,40.71051298,CORTLANDT ST,RNW,433.42857139999995,582.7142857000001,36061001300
51,182ND-183RD STS,B-D,-73.900741,40.856093,182-183 STS,BD,109.57142859999999,583.0,36005038301
160,ALABAMA AVE,J,-73.898526,40.676998,ALABAMA AV,J,379.57142860000005,586.0,36047119800
196,BEDFORD - NOSTRAND AVES,G,-73.95352199999999,40.689627,BEDFORD-NOSTRAN,G,541.7142857000001,586.4285714,36047024300
161,ALLERTON AVE,5-Feb,-73.86723423,40.86548338,ALLERTON AV,25,767.4285714,594.1428571,36005033800
252,CLEVELAND ST,J,-73.885194,40.679778000000006,CLEVELAND ST,J,414.57142860000005,595.8571429,36047117201
439,TIMES SQ - 42ND ST,7-7 Express,-73.987691,40.755477,TIMES SQ-42 ST,1237ACENQRS,660.4285714,596.8571429,36061011300
329,HOYT ST,3-Feb,-73.98506379999999,40.69054419,HOYT ST,23,426.57142860000005,601.2857142999999,36047003700
152,8TH AVE,N,-74.011516,40.634971,8 AV,N,478.2857143,601.2857142999999,36047011800
99,46TH ST,E-M-R,-73.91352175,40.75631695,46 ST,MR,537.4285714,603.8571429,36081016100
186,BAY RIDGE AVE,R,-74.023377,40.63496667,BAY RIDGE AV,R,648.1428571,604.2857142999999,36047006800
22,138TH ST - GRAND CONCOURSE,5-Apr,-73.929849,40.813224,138/GRAND CONC,45,475.2857143,607.8571429,36005005100
360,LIVONIA AVE,L,-73.90056237,40.66405727,LIVONIA AV,L,605.5714286,610.5714286,36047091000
204,BLEECKER ST,4-6-6 Express,-73.994659,40.72591467,BLEECKER ST,6DF,689.4285714,613.0,36061005502
337,JAMAICA - VAN WYCK,E,-73.81701287,40.70289855,JAMAICA VAN WK,E,484.0,616.8571429,36081021602
233,CANAL ST - HOLLAND TUNNEL,A-C-E,-74.005229,40.720824,CANAL ST,ACE,464.0,618.0,36061003300
245,CHRISTOPHER ST - SHERIDAN SQ,2-Jan,-74.00290600000001,40.733422,CHRISTOPHER ST,1,399.85714289999993,622.2857142999999,36061007300
427,SIMPSON ST,5-Feb,-73.89306640000001,40.82397684,SIMPSON ST,25,1192.857143,622.2857142999999,36005015900
412,PROSPECT PARK,B-Q-S,-73.96203129999999,40.66163346,PROSPECT PARK,BQS,899.7142857000001,649.4285714,36047032700
357,LEXINGTON AVE - 59TH ST,N-R-W,-73.96737502,40.76270886,59 ST,NQR456W,864.8571429,650.8571429,36061011402
395,NOSTRAND AVE,4-Mar,-73.95042625,40.66993815,NOSTRAND AV,3,417.42857139999995,651.2857142999999,36047031702
306,GRAHAM AVE,L,-73.94394399999999,40.714576,GRAHAM AV,L,508.7142857,652.1428571,36047049700
318,GUN HILL RD,5,-73.846384,40.869526,GUN HILL RD,5,549.8571429,660.1428571,36005035000
411,PROSPECT AVE,5-Feb,-73.90177779,40.81948726,PROSPECT AV,25,1070.0,664.7142857000001,36005007900
316,GREENPOINT AVE,G,-73.954425,40.731266999999995,GREENPOINT AV,G,605.8571429,668.2857142999999,36047057500
296,FRESH POND RD,M,-73.895898,40.706226,FRESH POND RD,M,552.0,669.0,36081061301
103,4TH AV - 9TH ST,F-G,-73.989779,40.67027167,4AV-9 ST,DFGMNR,503.85714289999993,669.4285714,36047012100
343,JUNIUS ST,4-Mar,-73.90244864,40.663589,JUNIUS ST,3,436.85714289999993,673.8571429,36047091000
394,NORWOOD AVE,J-Z,-73.879626,40.68152,NORWOOD AV,JZ,467.14285710000007,674.4285714,36047117400
46,174TH-175TH STS,B-D,-73.910136,40.8459,174-175 STS,BD,828.7142857000001,677.1428571,36005022901
376,MOSHOLU PKWY,4,-73.88465500000001,40.87975,MOSHOLU PKWY,4,1319.857143,677.2857142999999,36005041900
94,40TH ST,7,-73.92401600000001,40.743781,40 ST LOWERY ST,7,546.7142857000001,685.4285714,36081018101
429,SOUTH FERRY,1,-74.01316896,40.70173051,SOUTH FERRY,1RW,700.8571429,687.7142857000001,36061000900
198,BEDFORD PARK BLVD,B-D,-73.88713800000001,40.873244,BEDFORD PK BLVD,BD,917.5714286,693.5714286,36005041300
382,NASSAU AVE,G,-73.951183,40.72448,NASSAU AV,G,432.0,694.5714286,36047056900
238,CATHEDRAL PKWY (110TH ST),A-B-C,-73.95806671,40.80058156,CATHEDRAL PKWY,BC,675.0,700.0,36061021600
264,CYPRESS AVE,6,-73.91404200000001,40.805368,CYPRESS AV,6,562.0,702.7142857000001,36005002702
332,INTERVALE AVE,5-Feb,-73.89661738,40.82214213,INTERVALE AV,25,497.14285710000007,712.4285714,36005008700
419,ROCKAWAY AVE,A-C,-73.911946,40.678340000000006,ROCKAWAY AV,C,773.1428571,715.0,36047092400
35,161ST ST - YANKEE STADIUM,4,-73.925692,40.82823033,161/YANKEE STAD,4BD,1249.0,717.5714286,36005019500
214,BROADWAY,N-W,-73.925823,40.761432,BROADWAY,NQW,574.0,721.7142857000001,36081005900
312,GRAND ST,L,-73.940497,40.711576,GRAND ST,L,493.42857139999995,724.8571429,36047049500
101,49TH ST,N-Q-R-W,-73.98420957,40.75980197,49 ST,NQRW,505.42857139999995,729.0,36061012500
451,VAN SICLEN AVE,4-Mar,-73.88940492,40.66551796,VAN SICLEN AV,3,534.1428571,732.4285714,36047112400
182,BAY PKY,D,-73.9936762,40.60195046,BAY PKWY,D,683.1428571,735.1428571,36047029600
37,163RD ST - AMSTERDAM AV,A-C,-73.939892,40.836013,163 ST-AMSTERDM,C,433.85714289999993,738.7142857000001,36061024301
205,BOROUGH HALL,5-Apr,-73.990151,40.692403999999996,BOROUGH HALL,2345R,764.5714286,740.3571429,36047000900
261,COURT ST,N-R,-73.99181831,40.69419648,BOROUGH HALL,2345R,764.5714286,740.3571429,36047000900
333,INWOOD - 207TH ST,A,-73.919899,40.868072,INWOOD-207 ST,A,954.8571429,740.7142857000001,36061029300
453,VERNON BLVD - JACKSON AVE,7-7 Express,-73.953581,40.742626,VERNON-JACKSON,7,745.7142857000001,743.5714286,36081000701
60,207TH ST,1,-73.918819,40.864614,207 ST,1,832.4285714,761.0,36061029900
44,170TH ST,B-D,-73.9134,40.839306,170 ST,BD,948.8571429,763.8571429,36005022500
459,WALL ST,3-Feb,-74.0091,40.706821000000005,WALL ST,23,592.1428571,764.8571429,36061000700
47,175TH ST,A,-73.939704,40.847390999999995,175 ST,A,833.0,771.4285714,36061026300
158,96TH ST,A-B-C,-73.96460246,40.791618799999995,96 ST,BC,615.5714286,775.1428571,36061014300
29,14TH ST,1/2/03,-74.000201,40.737826,14 ST,123FLM,764.1428571,777.1428571,36061007100
241,CHAMBERS ST,A-C,-74.00858474,40.714110999999995,CHAMBERS ST,ACE23,900.8571429,777.4285714,36061002100
0,103RD ST,1,-73.968379,40.799446,103 ST,1,838.0,781.8571429,36061019100
415,RALPH AVE,A-C,-73.92078599999999,40.678822,RALPH AV,C,776.0,784.0,36047030100
282,EUCLID AVE,A-C-S,-73.872106,40.675377000000005,EUCLID AV,AC,1546.714286,784.0,36047119600
248,CHURCH AVE,F-G,-73.97972116,40.644271999999994,CHURCH AV,FG,904.4285714,794.7142857000001,36047049600
243,CHAMBERS ST,1/2/03,-74.009266,40.715478000000004,CHAMBERS ST,123,666.8571429,798.7142857000001,36061002100
432,ST LAWRENCE AVE,6,-73.86761800000001,40.831509000000004,ST LAWRENCE AV,6,583.7142857000001,800.5714286,36005007000
30,14TH ST,A-C-E,-74.00169,40.740893,14 ST,ACEL,621.4285714,809.1428571,36061008100
199,BEDFORD PARK BLVD - LEHMAN COLLEGE,4,-73.890064,40.873412,BEDFORD PK BLVD,4,689.0,811.5714286,36005040900
140,7TH AVE,B-D-E,-73.98169782,40.76297015,7 AV,BDE,487.57142860000005,820.7142857000001,36061013100
36,161ST ST - YANKEE STADIUM,B-D,-73.925651,40.827905,161/YANKEE STAD,BD4,1416.4285710000001,824.1428571,36005019500
266,DEKALB AVE,B-D-N-Q-R,-73.98177094,40.69064812,DEKALB AV,BDNQR,1015.0,827.4285714,36047001502
402,PARKSIDE AVE,Q,-73.96145344,40.65507304,PARKSIDE AV,BQ,759.2857142999999,827.5714286,36047079802
84,34TH ST - HUDSON YARDS,7-7 Express,-74.00219709,40.75544636,34 ST-HUDSON YD,7,691.4285714,829.0,36061009903
242,CHAMBERS ST,J-Z,-74.00340673,40.71323379,CHAMBERS ST,JZ456,583.8571429,834.5714286,36061002901
404,PELHAM BAY PARK,6-6 Express,-73.828121,40.852462,PELHAM BAY PARK,6,932.8571429,839.2857142999999,36005030000
405,PELHAM PKWY,5-Feb,-73.86748068,40.85719241,PELHAM PKWY,25,1090.0,846.2857142999999,36005022403
11,116TH ST,A-B-C,-73.95479778,40.80505813,116 ST,BC,567.1428571,851.2857142999999,36061021800
262,CRESCENT ST,J-Z,-73.87392925,40.68315266,CRESCENT ST,JZ,622.2857142999999,852.7142857000001,36047117800
52,183RD ST,4,-73.903879,40.858407,183 ST,4,1052.714286,857.1428571,36005023900
271,DYCKMAN ST,1,-73.925536,40.860531,DYCKMAN ST,1,964.1428571,882.2857142999999,36061028300
273,E 105TH ST,L,-73.89954769,40.65046879,EAST 105 ST,L,630.1428571,883.5714286,36047109800
50,181ST ST,A,-73.937969,40.851695,181 ST,A,598.5714286,887.2857142999999,36061027300
42,169TH ST,F,-73.7934742,40.7105175,169 ST,F,537.8571429,890.0,36081046000
122,66TH ST - LINCOLN CTR,2-Jan,-73.982209,40.77344,66 ST-LINCOLN,1,559.7142857000001,890.8571429,36061014900
113,59TH ST,N-R,-74.017881,40.64136167,59 ST,NRW,1252.285714,892.8571429,36047007400
391,NEWKIRK AVE,5-Feb,-73.94829991,40.63999124,NEWKIRK AV,25,1134.5714289999999,894.4285714,36047083000
462,WHITEHALL ST,R-W,-74.01300724,40.70314237,WHITEHALL S-FRY,R1W,685.8571429,900.2857142999999,36061000900
295,FREEMAN ST,5-Feb,-73.89175225,40.82998745,FREEMAN ST,25,646.1428571,907.8571429,36005012500
237,CATHEDRAL PKWY (110TH ST),1,-73.966847,40.803967,CATHEDRAL PKWY,1,836.1428571,915.5714286,36061019500
105,50TH ST,2-Jan,-73.98384899999999,40.761728000000005,50 ST,1,650.8571429,918.4285714,36061013100
277,EAST BROADWAY,F,-73.990177,40.713855,EAST BROADWAY,F,998.7142857000001,925.8571429,36061000600
81,30TH AVE,N-W,-73.921479,40.76677867,30 AV,NQW,851.5714286,941.4285714,36081006300
164,ASTOR PL,4-6-6 Express,-73.99107,40.730053999999996,ASTOR PL,6,562.0,941.5714286,36061005700
328,HOYT - SCHERMERHORN STS,A-C-G,-73.98503624,40.68840848,HOYT-SCHER,ACG,727.5714286,947.4285714,36047004100
308,GRAND AVE - NEWTOWN,E-M-R,-73.87722086,40.73681342,GRAND-NEWTOWN,MR,777.0,948.8571429,36081047300
7,111TH ST,7,-73.855334,40.75173,111 ST,7,1143.0,952.5714286,36081040102
278,EASTCHESTER - DYRE AVE,5,-73.830834,40.8883,EASTCHSTER/DYRE,5,545.4285714,954.5714286,36005048401
18,125TH ST,1,-73.958372,40.815581,125 ST,1,586.2857142999999,955.5714286,36061021100
314,GRANT AVE,A-S,-73.86505,40.677044,GRANT AV,A,740.5714286,958.5714286,36047120200
222,BROOKLYN BRIDGE - CITY HALL,4-5-6-6 Express,-74.004131,40.713065,BROOKLYN BRIDGE,456JZ,841.7142857000001,960.2857142999999,36061003100
38,167TH ST,B-D,-73.918432,40.833769000000004,167 ST,BD,725.1428571,969.1428571,36005019700
428,SMITH - 9TH STS,F-G,-73.99589173,40.67364106,SMITH-9 ST,FG,551.4285714,976.0,36047011902
154,90TH ST - ELMHURST AV,7,-73.876613,40.748408000000005,90 ST-ELMHURST,7,1500.0,978.7142857000001,36081027701
74,23RD ST,A-C-E,-73.998041,40.745906,23 ST,CE,1026.714286,979.8571429,36061009100
377,MT EDEN AVE,4,-73.91468499999999,40.844434,MT EDEN AV,4,954.0,981.1428571,36005022702
378,MYRTLE - WYCKOFF AVES,M,-73.91217900000001,40.699453999999996,MYRTLE-WYCKOFF,LM,962.8571429,986.1428571,36047043900
379,MYRTLE - WYCKOFF AVES,L,-73.91097572,40.69947106,MYRTLE-WYCKOFF,LM,962.8571429,986.1428571,36047043900
197,BEDFORD AVE,L,-73.956665,40.717174,BEDFORD AV,L,783.7142857000001,988.5714286,36047055300
461,WESTCHESTER SQ - E TREMONT AVE,6-6 Express,-73.842952,40.839892,WESTCHESTER SQ,6,743.4285714,994.0,36005020000
398,OZONE PARK - LEFFERTS BLVD,A-S,-73.82579799999999,40.685951,OZONE PK LEFFRT,A,914.0,996.0,36081010600
157,96TH ST,4-6-6 Express,-73.95107,40.785672,96 ST,6,1547.4285710000001,1001.571429,36061015801
147,86TH ST,R,-74.028398,40.62268667,86 ST,R,879.4285714,1002.428571,36047006000
437,SUTTER AVE,L,-73.901916,40.669145,SUTTER AV,L,594.0,1004.2857140000001,36047090800
454,W 4TH ST - WASHINGTON SQ (LOWER),B-D-F-M,-74.00030815,40.73225449,W 4 ST-WASH SQ,ABCDEFM,727.1428571,1007.7142859999999,36061006500
455,W 4TH ST - WASHINGTON SQ (UPPER),A-C-E,-74.000495,40.732338,W 4 ST-WASH SQ,ABCDEFM,727.1428571,1007.7142859999999,36061007100
146,86TH ST,Q,-73.95177091,40.77786104,86 ST-2 AVE,Q,1042.285714,1014.142857,36061014601
413,QUEENS PLZ,E-M-R,-73.93713824,40.74891772,QUEENS PLAZA,EMR,685.1428571,1017.428571,36081003301
98,46TH ST,7,-73.918435,40.743132,46 ST BLISS ST,7,972.5714286,1020.0,36081025301
403,PARSONS BLVD,F,-73.803289,40.707572,PARSONS BLVD,F,760.5714286,1023.0,36081023600
313,GRAND ST,B-D,-73.993753,40.718267,GRAND ST,BD,976.5714286,1026.5714289999999,36061001800
111,57TH ST,N-Q-R-W,-73.98072973,40.76456553,57 ST-7 AV,NQRW,1327.285714,1026.714286,36061013700
469,WOODSIDE - 61ST ST,7-7 Express,-73.902984,40.74563,61 ST WOODSIDE,7,1003.571429,1033.4285710000001,36081026100
48,176TH ST,4,-73.911794,40.84848,176 ST,4,965.1428571,1050.285714,36005021700
390,NEWKIRK AVE,B-Q,-73.96269487,40.63514194,NEWKIRK PLAZA,BQ,975.5714286,1054.285714,36047052000
433,STEINWAY ST,E-M-R,-73.92052647,40.75698736,STEINWAY ST,MR,881.1428571,1067.5714289999999,36081015700
275,E 149TH ST,6,-73.904098,40.812118,E 149 ST,6,776.4285714,1067.857143,36005008300
107,51ST ST,4-6-6 Express,-73.97192,40.757107,51 ST,6,578.5714286,1081.142857,36061010000
350,KINGSTON - THROOP AVES,A-C,-73.940859,40.679919,KINGSTON-THROOP,C,578.0,1084.285714,36047026900
10,116TH ST,3-Feb,-73.949625,40.802098,116 ST,23,1039.857143,1092.714286,36061019000
285,FLUSHING AVE,J-M,-73.94137735,40.7004044,FLUSHING AV,JM,1178.142857,1115.857143,36047028501
358,LEXINGTON AVE - 63RD ST,F-Q,-73.96608964,40.76461809,LEXINGTON AV/63,F,1017.428571,1123.714286,36061011402
117,5TH AVE - 59TH ST,N-R-W,-73.973347,40.764811,5 AV/59 ST,NQRW,1127.0,1127.0,36061014300
45,174TH ST,5-Feb,-73.8876936,40.83719555,174 ST,25,581.5714286,1141.4285710000001,36005016100
166,ASTORIA BLVD,N-W,-73.918095,40.770037,ASTORIA DITMARS,NQW,906.1428571,1143.714286,36081012500
211,BRIGHTON BEACH,B-Q,-73.96135379,40.5777102,BRIGHTON BEACH,BQ,1170.0,1145.714286,36047036200
236,CASTLE HILL AVE,6-6 Express,-73.85122199999999,40.834255,CASTLE HILL AV,6,813.2857142999999,1147.857143,36005020601
66,21ST ST - QUEENSBRIDGE,F,-73.94193761,40.75373927,21 ST-QNSBRIDGE,F,1000.428571,1150.714286,36081003302
387,NEW LOTS AVE,L,-73.89927796,40.65891477,NEW LOTS,L,782.2857142999999,1151.4285710000001,36047092000
276,E 180TH ST,5-Feb,-73.87334609999999,40.84186304,E 180 ST,25,1117.5714289999999,1163.714286,36005022000
348,KINGSBRIDGE RD,4,-73.89717399999999,40.86776,KINGSBRIDGE RD,4,1311.142857,1170.142857,36005040304
467,WOODHAVEN BLVD - QUEENS MALL,E-M-R,-73.86943209,40.73309737,WOODHAVEN BLVD,MR,1345.857143,1173.285714,36081068300
20,135TH ST,3-Feb,-73.94077,40.814229,135 ST,23,1689.142857,1179.142857,36061022800
423,SARATOGA AVE,4-Mar,-73.91633025,40.66152979,SARATOGA AV,3,914.0,1179.5714289999999,36047089400
283,FAR ROCKAWAY - MOTT AVE,A,-73.75540500000001,40.603995,FAR ROCKAWAY,A,791.0,1182.857143,36081100803
88,36TH ST,D-N-R,-74.00354899999999,40.65514367,36 ST,DNR,1337.857143,1189.5714289999999,36047008400
33,157TH ST,1,-73.94489,40.834041,157 ST,1,1127.0,1192.857143,36061024100
167,ATLANTIC AV - BARCLAY'S CENTER,2-3-4-5,-73.97754994,40.68442017,ATL AV-BARCLAY,BDNQR2345,983.1428571,1220.5,36047003500
169,ATLANTIC AV - BARCLAY'S CENTER,D-N-Q-R,-73.97881,40.68366567,ATL AV-BARCLAY,BDNQR2345,983.1428571,1220.5,36047003900
216,BROADWAY - LAFAYETTE ST,B-D-F-M,-73.996204,40.725297,B'WAY-LAFAYETTE,BDFQ6,499.85714289999993,1220.857143,36061005502
425,SHEEPSHEAD BAY,B-Q,-73.95405791,40.58654755,SHEEPSHEAD BAY,BQ,1106.5714289999999,1244.857143,36047060600
443,TREMONT AVE,B-D,-73.905227,40.85041,TREMONT AV,BD,1476.285714,1277.4285710000001,36005023502
240,CENTRAL PARK NORTH (110TH ST),3-Feb,-73.95182199999999,40.799075,CENTRAL PK N110,23,710.2857142999999,1281.4285710000001,36061018600
418,ROCKAWAY AVE,4-Mar,-73.90895834,40.66261749,ROCKAWAY AV,3,948.1428571,1283.5714289999999,36047092400
25,145TH ST,1,-73.95036,40.826551,145 ST,1,963.1428571,1292.4285710000001,36061022900
268,DELANCEY ST - ESSEX ST,J-M-Z,-73.9874094,40.71830606,DELANCEY/ESSEX,FJMZ,989.9285714,1295.5,36061001800
269,DELANCEY ST - ESSEX ST,F,-73.98807807,40.71868074,DELANCEY/ESSEX,FJMZ,989.9285714,1295.5,36061001800
75,23RD ST,F-M,-73.992765,40.74295432,23 ST,FM,870.7142857000001,1302.0,36061005800
288,FORDHAM RD,B-D,-73.897749,40.861296,FORDHAM RD,BD,1534.0,1306.0,36005023702
460,WEST FARMS SQ - E TREMONT AV,5-Feb,-73.87996128,40.84020763,WEST FARMS SQ,25,954.7142857000001,1308.0,36005036100
375,MORRISON AV - SOUNDVIEW,6,-73.874516,40.829521,MORISN AV/SNDVW,6,892.5714286,1317.0,36005004800
109,53RD ST,N-R,-74.014034,40.64506867,53 ST,R,1041.4285710000001,1327.857143,36047007600
386,NEVINS ST,2-3-4-5,-73.9804068,40.68831058,NEVINS ST,2345,970.4285714,1329.4285710000001,36047003300
393,NORWOOD - 205TH ST,D,-73.878855,40.874811,NORWOOD 205 ST,D,1239.4285710000001,1335.5714289999999,36005042300
71,23RD ST,4-6-6 Express,-73.986599,40.739864000000004,23 ST,6,1064.0,1348.714286,36061006800
280,ELDER AVE,6,-73.879159,40.828584,ELDER AV,6,959.4285714,1351.714286,36005005400
336,JAMAICA - 179TH ST,F,-73.783817,40.71264567,JAMAICA 179 ST,F,1863.714286,1357.714286,36081046800
367,MARCY AVE,J-M-Z,-73.957832,40.708383000000005,MARCY AV,JMZ,1065.142857,1369.4285710000001,36047052900
365,LOWER EAST SIDE - 2ND AVE,F,-73.989938,40.72340167,2 AV,F,794.8571429,1383.285714,36061003602
226,BURNSIDE AVE,4,-73.907684,40.853453,BURNSIDE AV,4,1665.0,1390.285714,36005024300
380,MYRTLE AVE,J-M-Z,-73.93562299999999,40.697195,MYRTLE AV,JMZ,1121.142857,1397.714286,36047028700
369,METS - WILLETS POINT,7-7 Express,-73.845625,40.754622,METS-WILLETS PT,7,1176.0,1400.0,36081038302
457,WAKEFIELD - 241ST ST,2,-73.85061999999999,40.903125,WAKEFIELD/241,2,1033.0,1411.5714289999999,36005043400
149,86TH ST,2-Jan,-73.976218,40.788644,86 ST,1,981.2857142999999,1413.285714,36061017500
388,NEW LOTS AVE,4-Mar,-73.88411071,40.66631493,NEW LOTS AV,3,1102.0,1422.857143,36047112400
156,96TH ST,Q,-73.94706602,40.78423665,96 ST-2 AVE,Q,1522.0,1424.0,36061015602
73,23RD ST,2-Jan,-73.995657,40.744081,23 ST,1,1005.0,1441.285714,36061009100
349,KINGSBRIDGE RD,B-D,-73.893509,40.866978,KINGSBRIDGE RD,BD,1179.142857,1450.285714,36005040302
17,125TH ST,3-Feb,-73.945495,40.807753999999996,125 ST,23,917.8571429,1454.4285710000001,36061020000
93,3RD AVE - 149TH ST,5-Feb,-73.91779153,40.81602925,3 AV-149 ST,25,2458.714286,1455.4285710000001,36005006500
290,FOREST HILLS - 71ST AV,E-F-M-R,-73.84451672,40.72159431,FOREST HILLS 71,EFMR,1795.857143,1488.5714289999999,36081071100
143,82ND ST - JACKSON HTS,7,-73.883697,40.747659000000006,82 ST-JACKSON H,7,1084.0,1516.5714289999999,36081028300
221,BROOK AVE,6,-73.91924,40.807565999999994,BROOK AV,6,999.8571429,1533.4285710000001,36005003900
21,137TH ST - CITY COLLEGE,1,-73.953676,40.822008000000004,137 ST CITY COL,1,1071.142857,1536.5714289999999,36061022301
438,SUTTER AVE - RUTLAND ROAD,4-Mar,-73.92252119,40.66476679,SUTTER AV-RUTLD,3,1122.142857,1552.714286,36047090000
100,47TH-50TH STS - ROCKEFELLER CTR,B-D-F-M,-73.98133100000001,40.758641,47-50 STS ROCK,BDFM,1243.4285710000001,1557.857143,36061009600
43,170TH ST,4,-73.91779100000001,40.840075,170 ST,4,1202.142857,1566.857143,36005022101
347,KINGS HWY,B-Q,-73.95760874,40.60863865,KINGS HWY,BQ,1563.5714289999999,1600.0,36047055200
40,168TH ST,1,-73.94013299999999,40.840556,168 ST,1AC,1263.5714289999999,1610.5714289999999,36061025100
95,42ND ST - BRYANT PK,B-D-F-M,-73.98459100000001,40.754184,42 ST-BRYANT PK,BDFM7,1259.0,1621.285714,36061011300
209,BOWLING GREEN,5-Apr,-74.01400799999999,40.704914,BOWLING GREEN,45,1148.142857,1625.0,36061001300
317,GUN HILL RD,5-Feb,-73.86613411,40.87783939,GUN HILL RD,25,1126.857143,1718.0,36005037800
300,FULTON ST,3-Feb,-74.006571,40.709416,FULTON ST,2345ACJZ,1285.5714289999999,1774.214286,36061001502
302,FULTON ST,5-Apr,-74.009509,40.710368,FULTON ST,2345ACJZ,1285.5714289999999,1774.214286,36061001502
168,ATLANTIC AV - BARCLAY'S CENTER,B-Q,-73.97678344,40.68448832,ATL AV-BARCLAY,2345BDNQR,1347.0,1779.4285710000001,36047003500
79,28TH ST,4-6-6 Express,-73.984264,40.74307,28 ST,6,1213.285714,1785.714286,36061006800
444,UNION SQ - 14TH ST,N-Q-R-W,-73.99053886,40.73587227,14 ST-UNION SQ,LNQR456W,1340.142857,1787.214286,36061005200
445,UNION SQ - 14TH ST,L,-73.99066977,40.73476331,14 ST-UNION SQ,LNQR456W,1340.142857,1787.214286,36061006100
6,110TH ST,4-6-6 Express,-73.94425,40.79502,110 ST,6,1162.285714,1791.0,36061017200
28,14TH ST,F-M,-73.996209,40.738228,14 ST,FLM123,932.1428571,1808.714286,36061008100
124,68TH ST - HUNTER COLLEGE,4-6-6 Express,-73.96387,40.768141,68ST-HUNTER CO,6,1431.857143,1815.714286,36061012000
309,GRAND CENTRAL - 42ND ST,4-5-6-6 Express,-73.97671329999999,40.75180743,GRD CNTRL-42 ST,4567S,1343.857143,1821.0476190000002,36061009200
310,GRAND CENTRAL - 42ND ST,S,-73.979189,40.75276867,GRD CNTRL-42 ST,4567S,1343.857143,1821.0476190000002,36061009400
311,GRAND CENTRAL - 42ND ST,7-7 Express,-73.97604100000001,40.751431,GRD CNTRL-42 ST,4567S,1343.857143,1821.0476190000002,36061008000
342,JUNCTION BLVD,7-7 Express,-73.869527,40.749145,JUNCTION BLVD,7,1786.285714,1834.857143,36081046500
82,33RD ST,4-6-6 Express,-73.982076,40.746081,33 ST,6,1582.0,1838.0,36061007400
355,LEXINGTON AVE - 53RD ST,E-M,-73.96907237,40.75746831,LEXINGTON AV/53,EM6,1185.857143,1854.857143,36061009800
448,UTICA AVE,A-C,-73.930729,40.679364,UTICA AV,AC,1685.5714289999999,1879.714286,36047029700
59,1ST AVE,L,-73.98168087,40.73097498,1 AV,L,1139.0,1923.857143,36061003400
223,BROOKLYN COLLEGE - FLATBUSH AVE,5-Feb,-73.94754121,40.63284241,FLATBUSH AV-B.C,25,2119.142857,1957.285714,36047078601
39,167TH ST,4,-73.9214,40.835537,167 ST,4,1502.5714289999999,1984.857143,36005019700
339,JAY ST - METROTECH,A-C-F,-73.98721815,40.69247064,JAY ST-METROTEC,ACF,1961.0,2012.0,36047001100
331,HUNTS POINT AVE,6-6 Express,-73.890549,40.820948,HUNTS POINT AV,6,1296.857143,2065.142857,36005011900
128,72ND ST,Q,-73.95836179,40.76880251,72 ST-2 AVE,Q,2011.285714,2082.142857,36061012602
26,149TH ST - GRAND CONCOURSE,5-Feb,-73.92672247,40.81833014,149/GRAND CONC,245,1933.0,2095.714286,36005005100
27,149TH ST - GRAND CONCOURSE,4,-73.92738475,40.81830344,149/GRAND CONC,245,1933.0,2095.714286,36005005100
344,KEW GARDENS - UNION TPKE,E-F,-73.83037027,40.71403482,KEW GARDENS,EF,1761.285714,2112.285714,36081077300
12,116TH ST,4-6-6 Express,-73.94161700000001,40.798629,116 ST,6,1747.285714,2150.714286,36061018200
3,103RD ST - CORONA PLAZA,7,-73.8627,40.749865,103 ST-CORONA,7,1973.285714,2162.142857,36081040501
2,103RD ST,4-6-6 Express,-73.947478,40.7906,103 ST,6,1733.4285710000001,2272.714286,36061016600
49,181ST ST,1,-73.933596,40.849505,181 ST,1,1460.5714289999999,2287.0,36061026900
246,CHURCH AVE,B-Q,-73.96288246,40.65049325,CHURCH AV,BQ,1814.4285710000001,2290.428571,36047050600
255,CONEY ISLAND - STILLWELL AV,D-F-N-Q,-73.981236,40.577281,CONEY IS-STILLW,DFNQ,2016.285714,2345.428571,36047035000
401,PARKCHESTER,6-6 Express,-73.860816,40.833226,PARKCHESTER,6,1942.142857,2358.285714,36005007200
134,77TH ST,4-6-6 Express,-73.959874,40.77362,77 ST,6,1770.4285710000001,2369.857143,36061012800
396,NOSTRAND AVE,A-C,-73.95042600000001,40.680438,NOSTRAND AV,AC,1543.285714,2564.428571,36047024700
356,LEXINGTON AVE - 59TH ST,4-5-6-6 Express,-73.967967,40.762526,59 ST,456NQRW,1936.0,2650.142857,36061011402
322,HERALD SQ - 34TH ST,B-D-F-M,-73.98777189,40.7497894,34 ST-HERALD SQ,BDFMNQRW,1846.0,2744.785714,36061010900
323,HERALD SQ - 34TH ST,N-Q-R-W,-73.98793683,40.74964456,34 ST-HERALD SQ,BDFMNQRW,1846.0,2744.785714,36061010100
86,34TH ST - PENN STATION,1/2/03,-73.991057,40.750372999999996,34 ST-PENN STA,123,2339.285715,2785.8571420000003,36061010100
115,59TH ST - COLUMBUS CIRCLE,A-B-C-D,-73.98164872,40.76824953,59 ST COLUMBUS,ABCD1,3047.571429,2801.714286,36061014500
442,TIMES SQ - 42ND ST,1/2/03,-73.987495,40.75529,TIMES SQ-42 ST,1237ACENQRSW,2084.714286,2878.428571,36061011300
129,72ND ST,1/2/03,-73.98196999999999,40.778453000000006,72 ST,123,1952.5714289999999,2910.0,36061015900
23,145TH ST,A-B-C-D,-73.94408793,40.82476636,145 ST,ABCD,2310.714286,3019.285714,36061023100
436,SUTPHIN BLVD - ARCHER AV,E-J-Z,-73.80800472,40.70038242,SUTPHIN-ARCHER,EJZ,2294.714286,3087.714286,36081020800
446,UNION SQ - 14TH ST,4-5-6-6 Express,-73.989951,40.734673,14 ST-UNION SQ,456LNQRW,2690.571429,3221.0,36061005200
335,JACKSON HTS - ROOSEVELT AV,E-F-M-R,-73.89129867,40.74653969,JKSN HT-ROOSVLT,EFMR7,3812.714286,3376.571429,36081026700
145,86TH ST,4-5-6-6 Express,-73.955589,40.779492,86 ST,456,2712.142857,3442.0,36061014801
258,CORTLANDT ST,1,-74.012188,40.711835,WTC-CORTLANDT,1,2782.571429,3477.428571,36061001300
155,96TH ST,1/2/03,-73.972323,40.793919,96 ST,123,2636.0,3816.285714,36061018300
16,125TH ST,A-B-C-D,-73.952248,40.81107167,125 ST,ACBD,3009.714286,3956.571429,36061025700
284,FLUSHING - MAIN ST,7-7 Express,-73.83003000000001,40.7596,FLUSHING-MAIN,7,3547.857143,4048.285714,36081087100
263,CROWN HTS - UTICA AVE,4-Mar,-73.93293256,40.66897831,CROWN HTS-UTICA,34,4018.428571,4489.571429,36047035101
338,JAMAICA CTR - PARSONS / ARCHER,E-J-Z,-73.80109632,40.70206738,JAMAICA CENTER,EJZ,4095.714286,5105.571429,36081024600
96,42ND ST - PORT AUTHORITY BUS TERM,A-C-E,-73.989735,40.757308,42 ST-PORT AUTH,ACENQRS1237W,3712.0,5488.0,36061011900
15,125TH ST,4-5-6-6 Express,-73.93759399999999,40.804138,125 ST,456,3951.142857,6139.857143,36061019600
85,34TH ST - PENN STATION,A-C-E,-73.993391,40.752287,34 ST-PENN STA,ACE,4830.142857,7188.0,36061010900
