,STATION,X,Y,LINE,GEOID
0,103RD ST,-73.96837899960818,40.799446000334825,1,36061019100
1,103RD ST,-73.96137008267617,40.796060739904526,A-B-C,36061014300
2,103RD ST,-73.94747800152219,40.79060000008452,4-6-6 Express,36061016600
3,103RD ST - CORONA PLAZA,-73.86269999830412,40.749865000555545,7,36081040501
4,104TH ST,-73.83768300060997,40.681711001091195,A-S,36081009400
5,104TH-102ND STS,-73.84443500029684,40.69516599823373,J-Z,36081002800
6,110TH ST,-73.94424999687163,40.795020000113105,4-6-6 Express,36061017200
7,111TH ST,-73.85533399834884,40.75172999941711,7,36081040102
8,111TH ST,-73.83216299845388,40.68433100001238,A-S,36081009600
9,111TH ST,-73.83679338454697,40.697114810696476,J,36081012400
10,116TH ST,-73.94962500096905,40.802097999133004,3-Feb,36061019000
11,116TH ST,-73.95479778057312,40.80505813344211,A-B-C,36061021800
12,116TH ST,-73.9416169983714,40.7986290002001,4-6-6 Express,36061018200
13,116TH ST - COLUMBIA UNIVERSITY,-73.96410999757751,40.807722001230864,1,36061020500
14,121ST ST,-73.82834900017954,40.700481998515315,J-Z,36081014400
15,125TH ST,-73.93759400055725,40.804138000587244,4-5-6-6 Express,36061019600
16,125TH ST,-73.95224799734774,40.811071672994565,A-B-C-D,36061025700
17,125TH ST,-73.94549500011411,40.807753999182815,3-Feb,36061020000
18,125TH ST,-73.95837200097044,40.815580999978934,1,36061021100
19,135TH ST,-73.94753480879213,40.817905559212676,A-B-C,36061022102
20,135TH ST,-73.94077000106708,40.8142290003391,3-Feb,36061022800
21,137TH ST - CITY COLLEGE,-73.95367600087873,40.82200799968475,1,36061022301
22,138TH ST - GRAND CONCOURSE,-73.92984899935611,40.81322399958908,5-Apr,36005005100
23,145TH ST,-73.94408792823116,40.824766360871905,A-B-C-D,36061023100
24,145TH ST,-73.93624499873299,40.82042099969279,3,36061023200
25,145TH ST,-73.95035999879713,40.82655099962194,1,36061022900
26,149TH ST - GRAND CONCOURSE,-73.92672247438611,40.81833014409742,5-Feb,36005005100
27,149TH ST - GRAND CONCOURSE,-73.9273847542618,40.81830344372315,4,36005005100
28,14TH ST,-73.99620899921355,40.73822799969515,F-M,36061008100
29,14TH ST,-74.00020100063497,40.737825999728116,1/2/03,36061007100
30,14TH ST,-74.00168999937027,40.740893000193296,A-C-E,36061008100
31,155TH ST,-73.94151400082208,40.83051799929251,A-C,36061023501
32,155TH ST,-73.93820899811622,40.8301349999812,B-D,36061024302
33,157TH ST,-73.94488999901047,40.8340410001399,1,36061024100
34,15TH ST - PROSPECT PARK,-73.97973580592873,40.66003568810021,F-G,36047016900
35,161ST ST - YANKEE STADIUM,-73.92569199505733,40.82823032742169,4,36005019500
36,161ST ST - YANKEE STADIUM,-73.92565099775477,40.827904998845845,B-D,36005019500
37,163RD ST - AMSTERDAM AV,-73.93989200188344,40.83601299923096,A-C,36061024301
38,167TH ST,-73.91843200082253,40.83376899862797,B-D,36005019700
39,167TH ST,-73.92139999784426,40.83553699933672,4,36005019700
40,168TH ST,-73.94013299907257,40.840555999148535,1,36061025100
41,168TH ST,-73.93956099985425,40.84071899990795,A-C,36061025100
42,169TH ST,-73.79347419927721,40.710517502784,F,36081046000
43,170TH ST,-73.91779099745928,40.84007499993004,4,36005022101
44,170TH ST,-73.91339999846983,40.83930599964156,B-D,36005022500
45,174TH ST,-73.88769359812888,40.837195550170605,5-Feb,36005016100
46,174TH-175TH STS,-73.91013600050078,40.84589999983414,B-D,36005022901
47,175TH ST,-73.93970399761596,40.84739100072403,A,36061026300
48,176TH ST,-73.91179399884471,40.8484800012369,4,36005021700
49,181ST ST,-73.9335959996056,40.84950499974065,1,36061026900
50,181ST ST,-73.93796900205011,40.851694999744616,A,36061027300
51,182ND-183RD STS,-73.90074099998965,40.85609299881864,B-D,36005038301
52,183RD ST,-73.90387900151532,40.85840700040842,4,36005023900
53,18TH AVE,-74.00159259239406,40.60773573171741,D,36047027800
54,18TH AVE,-73.99045399865993,40.620686997680025,N,36047024800
55,18TH AVE,-73.97697099965796,40.62975466638584,F,36047048000
56,18TH ST,-73.99787100060406,40.741039999802105,2-Jan,36061008100
57,190TH ST,-73.93417999964333,40.85902199892482,A,36061028100
58,191ST ST,-73.92941199742039,40.85522500175836,1,36061027900
59,1ST AVE,-73.98168087489128,40.73097497580066,L,36061003400
60,207TH ST,-73.91881900132312,40.864614000525854,1,36061029900
61,20TH AVE,-73.98452199846113,40.617108999866005,N,36047025400
62,20TH AVE,-73.99817432157568,40.60467699816932,D,36047028800
63,215TH ST,-73.91527899954356,40.86944399946045,1,36061030300
64,219TH ST,-73.8625097078866,40.883887974625274,5-Feb,36005039600
65,21ST ST,-73.9495999997552,40.7441286664954,G,36081000702
66,21ST ST - QUEENSBRIDGE,-73.94193761457447,40.75373927087553,F,36081003302
67,225TH ST,-73.86021461772737,40.88802825863786,5-Feb,36005040600
68,231ST ST,-73.90483400107873,40.87885599817935,1,36005028300
69,233RD ST,-73.85736239521543,40.89314324138378,5-Feb,36005042200
70,238TH ST,-73.90087000018522,40.88466700064975,1,36005028300
71,23RD ST,-73.98659900207888,40.739864000474604,4-6-6 Express,36061006800
72,23RD ST,-73.98934400102907,40.74130266729,N-Q-R-W,36061005600
73,23RD ST,-73.9956570016487,40.74408099989751,2-Jan,36061009100
74,23RD ST,-73.99804100117201,40.74590599939995,A-C-E,36061009100
75,23RD ST,-73.99276500471389,40.742954317826005,F-M,36061005800
76,25TH AVE,-73.98682900011477,40.59770366695856,D,36047030000
77,25TH ST,-73.99809099974297,40.66039666692321,D-N-R,36047010100
78,28TH ST,-73.98869800128737,40.74545399979951,N-Q-R-W,36061007600
79,28TH ST,-73.98426400110407,40.743069999259035,4-6-6 Express,36061006800
80,28TH ST,-73.99336500134324,40.74721499918219,2-Jan,36061009500
81,30TH AVE,-73.9214790001739,40.76677866673298,N-W,36081006300
82,33RD ST,-73.98207600148947,40.74608099909145,4-6-6 Express,36061007400
83,33RD ST,-73.93099699953838,40.74458699983993,7,36081017902
84,34TH ST - HUDSON YARDS,-74.00219709442206,40.75544635961596,7-7 Express,36061009903
85,34TH ST - PENN STATION,-73.99339099970578,40.752287000775894,A-C-E,36061010900
86,34TH ST - PENN STATION,-73.99105699913983,40.75037300003949,1/2/03,36061010100
87,36TH AVE,-73.929861999118,40.7564420005104,N-W,36081005100
88,36TH ST,-74.00354899951809,40.65514366633887,D-N-R,36047008400
89,36TH ST,-73.92901818461539,40.75196004401078,E-M-R,36081017102
90,39TH AVE,-73.93285137679598,40.75276306140845,N-W,36081003100
91,3RD AVE,-73.98575000112093,40.73269099971662,L,36061004800
92,3RD AVE - 138TH ST,-73.92613800014134,40.81047600117261,6-6 Express,36005002300
93,3RD AVE - 149TH ST,-73.91779152760981,40.816029252510006,5-Feb,36005006500
94,40TH ST,-73.9240159984882,40.74378100149132,7,36081018101
95,42ND ST - BRYANT PK,-73.98459099904711,40.754184001312545,B-D-F-M,36061011300
96,42ND ST - PORT AUTHORITY BUS TERM,-73.98973500085859,40.757307998551504,A-C-E,36061011900
97,45TH ST,-74.01000600074939,40.648938666612814,N-R,36047008000
98,46TH ST,-73.91843500103973,40.74313200060382,7,36081025301
99,46TH ST,-73.91352174995538,40.756316952608096,E-M-R,36081016100
100,47TH-50TH STS - ROCKEFELLER CTR,-73.98133100227702,40.75864100159815,B-D-F-M,36061009600
101,49TH ST,-73.98420956591096,40.759801973870694,N-Q-R-W,36061012500
102,4TH AV - 9TH ST,-73.98830199974512,40.670846666842756,D-N-R,36047013700
103,4TH AV - 9TH ST,-73.98977899938897,40.67027166728493,F-G,36047012100
104,50TH ST,-73.98598400026407,40.76245599925997,A-C-E,36061013300
105,50TH ST,-73.98384899986625,40.76172799961419,2-Jan,36061013100
106,50TH ST,-73.9946587805514,40.636260890961395,D,36047022000
107,51ST ST,-73.97192000069982,40.75710699989316,4-6-6 Express,36061010000
108,52ND ST,-73.91254899891254,40.744149001021576,7,36081025302
109,53RD ST,-74.01403399986317,40.64506866735981,N-R,36047007600
110,55TH ST,-73.99534882595742,40.63147876093745,D,36047024000
111,57TH ST,-73.98072973372128,40.76456552501829,N-Q-R-W,36061013700
112,57TH ST,-73.97736800085171,40.76408500081713,F,36061011201
113,59TH ST,-74.01788099953987,40.6413616662838,N-R,36047007400
114,59TH ST - COLUMBUS CIRCLE,-73.98192900232715,40.76824700063689,2-Jan,36061014500
115,59TH ST - COLUMBUS CIRCLE,-73.98164872301398,40.768249531776064,A-B-C-D,36061014500
116,5TH AVE - 53RD ST,-73.9752485052734,40.76008683231326,E-M,36061010200
117,5TH AVE - 59TH ST,-73.97334700047045,40.764810999755284,N-R-W,36061014300
118,5TH AVE - BRYANT PK,-73.98196299856706,40.75382100064824,7-7 Express,36061008400
119,62ND ST,-73.99685724994863,40.626224462922195,D,36047025000
120,63RD DR - REGO PARK,-73.86161820097203,40.729763972422425,E-M-R,36081069300
121,65TH ST,-73.8987883783301,40.74971952935675,E-M-R,36081026100
122,66TH ST - LINCOLN CTR,-73.9822,40.7734,2-Jan,36061014900
123,67TH AVE,-73.85286048434907,40.726505475813006,E-M-R,36081071306
124,68TH ST - HUNTER COLLEGE,-73.96387000158042,40.76814100049679,4-6-6 Express,36061012000
125,69TH ST,-73.8964029993185,40.746324999410284,7,36081026300
126,6TH AVE,-73.99775078874781,40.73774146981052,L,36061007100
127,71ST ST,-73.99884094850685,40.61925870977273,D,36047026200
128,72ND ST,-73.95836178682246,40.76880251014895,Q,36061012602
129,72ND ST,-73.98197000159583,40.77845300068614,1/2/03,36061015900
130,72ND ST,-73.976336575218,40.77551939729258,A-B-C,36061014300
131,74TH ST - BROADWAY,-73.8912051289911,40.746867573829114,7,36081026700
132,75TH AVE,-73.83692369387158,40.71804465348743,E-F,36081076901
133,75TH ST - ELDERT LN,-73.86728799944963,40.691290001246735,J-Z,36081000400
134,77TH ST,-73.95987399886047,40.77362000074615,4-6-6 Express,36061012800
135,77TH ST,-74.0255099996266,40.629741666886915,R,36047013600
136,79TH ST,-74.00058287431507,40.61315892569516,D,36047026400
137,79TH ST,-73.97991700056134,40.78393399959032,2-Jan,36061016700
138,7TH AVE,-73.98025117900944,40.66624469001985,F-G,36047015100
139,7TH AVE,-73.97285279191024,40.67710217983294,B-Q,36047016100
140,7TH AVE,-73.98169782344476,40.76297015245628,B-D-E,36061013100
141,80TH ST,-73.85899200206335,40.67937100115432,A-S,36081004401
142,81ST ST,-73.97209794937208,40.78134608418206,A-B-C,36061014300
143,82ND ST - JACKSON HTS,-73.88369700071884,40.747658999559135,7,36081028300
144,85TH ST - FOREST PKY,-73.86008700006875,40.69242699966103,J,36081001200
145,86TH ST,-73.95558899985132,40.77949199820952,4-5-6-6 Express,36061014801
146,86TH ST,-73.95177090964917,40.77786104333163,Q,36061014601
147,86TH ST,-74.0283979999864,40.62268666715025,R,36047006000
148,86TH ST,-73.96882849429672,40.78582304678557,A-B-C,36061014300
149,86TH ST,-73.97621799859327,40.78864400073892,2-Jan,36061017500
150,88TH ST,-73.85147000026086,40.67984300135503,A-S,36081005400
151,8TH AVE,-74.00257800104762,40.73977666638199,L,36061008300
152,8TH AVE,-74.01151599772157,40.634970999647166,N,36047011800
153,8TH ST - NYU,-73.99250799849149,40.73046499853991,N-Q-R-W,36061005700
154,90TH ST - ELMHURST AV,-73.87661299986985,40.74840800060913,7,36081027701
155,96TH ST,-73.97232299915696,40.79391900121471,1/2/03,36061018300
156,96TH ST,-73.9470660219183,40.784236650177654,Q,36061015602
157,96TH ST,-73.9510700015425,40.78567199998607,4-6-6 Express,36061015801
158,96TH ST,-73.96460245687166,40.79161879767014,A-B-C,36061014300
159,9TH AVE,-73.99444874451204,40.64648407726636,D,36047011000
160,ALABAMA AVE,-73.89852600159652,40.676998000003756,J,36047119800
161,ALLERTON AVE,-73.86723422851625,40.86548337793927,5-Feb,36005033800
162,AQUEDUCT - NORTH CONDUIT AV,-73.83405799948723,40.668234001699815,A,36081008800
163,AQUEDUCT RACETRACK,-73.83591899965162,40.672096999172844,A,36081086400
164,ASTOR PL,-73.99106999861966,40.73005400028978,4-6-6 Express,36061005700
165,ASTORIA - DITMARS BLVD,-73.9120340001031,40.775035666523664,N-W,36081011500
166,ASTORIA BLVD,-73.91809500109238,40.77003699949086,N-W,36081012500
167,ATLANTIC AV - BARCLAY'S CENTER,-73.97754993539385,40.68442016526762,2-3-4-5,36047003500
168,ATLANTIC AV - BARCLAY'S CENTER,-73.97678343963167,40.684488323453685,B-Q,36047003500
169,ATLANTIC AV - BARCLAY'S CENTER,-73.97880999956767,40.683665667279435,D-N-Q-R,36047003900
170,ATLANTIC AVE,-73.9030969995401,40.67534466640805,L,36047114400
171,AVE H,-73.96151793942495,40.62920837758969,Q,36047053200
172,AVE I,-73.97606933170925,40.62501744019143,F,36047046202
173,AVE J,-73.96069316246925,40.625022819915166,Q,36047053200
174,AVE M,-73.9592431052215,40.617397744443736,Q,36047076800
175,AVE N,-73.97404850873143,40.61435671190883,F,36047044600
176,AVE P,-73.97300281528751,40.608842808949916,F,36047043800
177,AVE U,-73.97337641974885,40.59592482551748,F,36047039800
178,AVE U,-73.95581122316301,40.59930895095475,Q,36047058000
179,AVE U,-73.97908400099428,40.597235999920436,N,36047040000
180,AVE X,-73.97426599968905,40.589449666625285,F,36047030800
181,BAY 50TH ST,-73.98376500045946,40.58884066651933,D,36047030600
182,BAY PKY,-73.9936762000529,40.601950461572315,D,36047029600
183,BAY PKY,-73.98178001069293,40.61145578989005,N,36047043200
184,BAY PKY,-73.9752569782215,40.62073162316788,F,36047045000
185,BAY RIDGE - 95TH ST,-74.03087600085765,40.61662166725951,R,36047005400
186,BAY RIDGE AVE,-74.02337699950728,40.63496666682377,R,36047006800
187,BAYCHESTER AVE,-73.83859099802153,40.87866300037311,5,36005046208
188,BEACH 105TH ST,-73.82758075034528,40.58326843810286,A-S,36081093800
189,BEACH 25TH ST,-73.76135299762073,40.60006600105881,A,36081099801
190,BEACH 36TH ST,-73.76817499939688,40.59539800166876,A,36081099200
191,BEACH 44TH ST,-73.77601299999507,40.59294299908617,A,36081097202
192,BEACH 60TH ST,-73.7885219980118,40.59237400121235,A,36081097202
193,BEACH 67TH ST,-73.7969239998421,40.59092700078133,A,36081095400
194,BEACH 90TH ST,-73.81365140419632,40.58809156457325,A-S,36081094202
195,BEACH 98TH ST,-73.82052058959523,40.58538569133279,A-S,36081094201
196,BEDFORD - NOSTRAND AVES,-73.95352200064022,40.68962700158444,G,36047024300
197,BEDFORD AVE,-73.95666499806525,40.71717399858899,L,36047055300
198,BEDFORD PARK BLVD,-73.88713799889574,40.87324399861646,B-D,36005041300
199,BEDFORD PARK BLVD - LEHMAN COLLEGE,-73.89006400069478,40.87341199980121,4,36005040900
200,BERGEN ST,-73.99075649573565,40.68611054725977,F-G,36047006900
201,BERGEN ST,-73.97499915116808,40.68086213682956,2/3/04,36047012902
202,BEVERLY RD,-73.96435779623125,40.64390459860419,Q,36047152200
203,BEVERLY RD,-73.94884798381702,40.64512351894373,5-Feb,36047082600
204,BLEECKER ST,-73.99465900006331,40.72591466682659,4-6-6 Express,36061005502
205,BOROUGH HALL,-73.99015100090539,40.692403999991036,5-Apr,36047000900
206,BOROUGH HALL,-73.98999799960687,40.693218999611084,3-Feb,36047001100
207,BOTANIC GARDEN,-73.95924499945693,40.670342666584396,S,36047021300
208,BOWERY,-73.99380690654237,40.720246883147254,J-Z,36061001800
209,BOWLING GREEN,-74.01400799803432,40.70491399928076,5-Apr,36061001300
210,BRIARWOOD - VAN WYCK BLVD,-73.82069263637443,40.70916181536946,E-F,36081021603
211,BRIGHTON BEACH,-73.96135378598797,40.577710196642435,B-Q,36047036200
212,BROAD CHANNEL,-73.81583268782963,40.60840218069683,A-S,36081107201
213,BROAD ST,-74.01105599991755,40.706476001106005,J-Z,36061000700
214,BROADWAY,-73.92582299919906,40.761431998800546,N-W,36081005900
215,BROADWAY,-73.95031225606621,40.706126576274166,G,36047051100
216,BROADWAY - LAFAYETTE ST,-73.99620399876055,40.725296998738045,B-D-F-M,36061005502
217,BROADWAY JUNCTION,-73.90311757920684,40.67845624842869,L,36047036700
218,BROADWAY JUNCTION,-73.90428999746412,40.67936600147369,J-Z,36047040500
219,BROADWAY JUNCTION,-73.90531600055341,40.67833366608023,A-C,36047036700
220,BRONX PARK EAST,-73.86835609178098,40.848768666338934,5-Feb,36005022000
221,BROOK AVE,-73.91923999909432,40.80756599987699,6,36005003900
222,BROOKLYN BRIDGE - CITY HALL,-74.0041310005885,40.713064999433136,4-5-6-6 Express,36061003100
223,BROOKLYN COLLEGE - FLATBUSH AVE,-73.94754120734406,40.63284240700742,5-Feb,36047078601
224,BUHRE AVE,-73.83256900003744,40.846809998885504,6-6 Express,36005026601
225,BURKE AVE,-73.86705361747603,40.87125880254771,5-Feb,36005033800
226,BURNSIDE AVE,-73.9076840015997,40.85345300155693,4,36005024300
227,BUSHWICK - ABERDEEN,-73.90526176305106,40.68286062551184,L,36047040500
228,CANAL ST,-74.0062770001748,40.72285399778783,2-Jan,36061003700
229,CANAL ST,-74.0018260000577,40.71946500105898,R-W,36061004500
230,CANAL ST,-73.99982638545937,40.71817387697391,J-Z,36061004100
231,CANAL ST,-74.00019299927328,40.71880300107709,4-6-6 Express,36061004500
232,CANAL ST,-74.00105471306033,40.718814263587134,N-Q,36061004500
233,CANAL ST - HOLLAND TUNNEL,-74.0052290023424,40.72082400007119,A-C-E,36061003300
234,CANARSIE - ROCKAWAY PKWY,-73.90185000017287,40.64665366739528,L,36047097400
235,CARROLL ST,-73.99494697998841,40.68027335170176,F-G,36047007700
236,CASTLE HILL AVE,-73.85122199961472,40.83425499825462,6-6 Express,36005020601
237,CATHEDRAL PKWY (110TH ST),-73.9668470005456,40.80396699961484,1,36061019500
238,CATHEDRAL PKWY (110TH ST),-73.95806670661364,40.800581558114956,A-B-C,36061021600
239,CENTRAL AVE,-73.92724299902838,40.69787300011831,M,36047042300
240,CENTRAL PARK NORTH (110TH ST),-73.95182200176913,40.79907499977324,3-Feb,36061018600
241,CHAMBERS ST,-74.00858473570133,40.714111000774025,A-C,36061002100
242,CHAMBERS ST,-74.00340673031336,40.71323378962671,J-Z,36061002901
243,CHAMBERS ST,-74.00926600170112,40.71547800011327,1/2/03,36061002100
244,CHAUNCEY ST,-73.91038357033376,40.68285130087804,J-Z,36047036900
245,CHRISTOPHER ST - SHERIDAN SQ,-74.00290599855235,40.73342200104225,2-Jan,36061007300
246,CHURCH AVE,-73.96288246192114,40.65049324646484,B-Q,36047050600
247,CHURCH AVE,-73.94945514035334,40.6508606878022,5-Feb,36047081800
248,CHURCH AVE,-73.97972116229084,40.64427200012998,F-G,36047049600
249,CITY HALL,-74.00698581780337,40.71327233111697,R-W,36061003100
250,CLARK ST,-73.99308599821961,40.69746599996469,3-Feb,36047000501
251,CLASSON AVE,-73.95999000137212,40.68888900026455,G,36047023300
252,CLEVELAND ST,-73.8851940021643,40.679777998961164,J,36047117201
253,CLINTON - WASHINGTON AVES,-73.96583799857275,40.68326299912644,A-C,36047019900
254,CLINTON - WASHINGTON AVES,-73.9667959986695,40.68809400106055,G,36047019700
255,CONEY ISLAND - STILLWELL AV,-73.9812359981396,40.57728100006751,D-F-N-Q,36047035000
256,CORTELYOU RD,-73.96379005505493,40.6409401651401,Q,36047052000
257,CORTLANDT ST,-74.01113196473266,40.7105129841524,R-W,36061001300
258,CORTLANDT ST,-74.01218800112292,40.7118350008202,1,36061001300
259,COURT SQ,-73.94526400039679,40.74702299889643,7-7 Express,36081001901
260,COURT SQ - 23RD ST,-73.94605470266329,40.747768121414325,E-M,36081000702
261,COURT ST,-73.99181830901125,40.694196480776995,N-R,36047000900
262,CRESCENT ST,-73.87392925215778,40.68315265707736,J-Z,36047117800
263,CROWN HTS - UTICA AVE,-73.93293256081851,40.66897831107809,4-Mar,36047035101
264,CYPRESS AVE,-73.91404199994753,40.8053680007636,6,36005002702
265,CYPRESS HILLS,-73.87332199882995,40.689616000838754,J,36047118000
266,DEKALB AVE,-73.98177094440949,40.690648119969794,B-D-N-Q-R,36047001502
267,DEKALB AVE,-73.91823200219723,40.70369299961644,L,36047044300
268,DELANCEY ST - ESSEX ST,-73.98740940202974,40.71830605618619,J-M-Z,36061001800
269,DELANCEY ST - ESSEX ST,-73.98807806807719,40.71868074219453,F,36061001800
270,DITMAS AVE,-73.97817199965161,40.63611866666291,F,36047048600
271,DYCKMAN ST,-73.92553600006474,40.86053100138796,1,36061028300
272,DYCKMAN ST,-73.92727099960726,40.865490998968916,A,36061028700
273,E 105TH ST,-73.89954769388724,40.65046878544699,L,36047109800
274,E 143RD ST - ST MARY'S ST,-73.90765699936489,40.80871900090143,6,36005003100
275,E 149TH ST,-73.90409799875945,40.81211799827203,6,36005008300
276,E 180TH ST,-73.87334609510884,40.8418630412186,5-Feb,36005022000
277,EAST BROADWAY,-73.99017700122197,40.713855001020406,F,36061000600
278,EASTCHESTER - DYRE AVE,-73.8308340021742,40.88829999901007,5,36005048401
279,EASTERN PKWY - BKLYN MUSEUM,-73.96422203748425,40.67203223545925,2/3/04,36047021500
280,ELDER AVE,-73.87915899874777,40.82858400108929,6,36005005400
281,ELMHURST AVE,-73.8820347465864,40.74237007972169,E-M-R,36081048100
282,EUCLID AVE,-73.87210600099675,40.675376998239365,A-C-S,36047119600
283,FAR ROCKAWAY - MOTT AVE,-73.75540499924732,40.603995001687544,A,36081100803
284,FLUSHING - MAIN ST,-73.83003000262508,40.75959999915012,7-7 Express,36081087100
285,FLUSHING AVE,-73.94137734838365,40.70040440298112,J-M,36047028501
286,FLUSHING AVE,-73.9502340010257,40.70037666622154,G,36047050700
287,FORDHAM RD,-73.90103399921699,40.86280299988937,4,36005040100
288,FORDHAM RD,-73.89774900102401,40.861295998683495,B-D,36005023702
289,FOREST AVE,-73.90307500005954,40.70441200087814,M,36081058900
290,FOREST HILLS - 71ST AV,-73.84451672012669,40.72159430953587,E-F-M-R,36081071100
291,FRANKLIN AVE,-73.9580997367769,40.67076515344894,2-3-4-5,36047021700
292,FRANKLIN AVE,-73.95684800014614,40.68137966658742,A-C,36047022700
293,FRANKLIN AVE - FULTON ST,-73.95582700110425,40.68059566598263,S,36047022700
294,FRANKLIN ST,-74.00688600277107,40.719318001302135,2-Jan,36061003300
295,FREEMAN ST,-73.89175225349464,40.829987446384116,5-Feb,36005012500
296,FRESH POND RD,-73.8958980017196,40.70622599823048,M,36081061301
297,FT HAMILTON PKWY,-73.97577599917474,40.65078166803418,F-G,36047050401
298,FT HAMILTON PKWY,-73.9942022375285,40.640912711444656,D,36047011200
299,FT HAMILTON PKWY,-74.00535100046275,40.63138566722445,N,36047021400
300,FULTON ST,-74.00657099970202,40.70941599925865,3-Feb,36061001502
301,FULTON ST,-74.00793800110387,40.71002266658424,J-Z,36061001502
302,FULTON ST,-74.00950899856461,40.710367998822136,5-Apr,36061001502
303,FULTON ST,-74.00762309323994,40.71016216530185,A-C,36061001501
304,FULTON ST,-73.97537499833149,40.68711899950771,G,36047003300
305,GATES AVE,-73.92215600150752,40.689583999013905,J-Z,36047039700
306,GRAHAM AVE,-73.94394399869037,40.714575998363635,L,36047049700
307,GRAND ARMY PLAZA,-73.9709563319228,40.6752946951032,2/3/04,36047015900
308,GRAND AVE - NEWTOWN,-73.87722085669182,40.736813418197144,E-M-R,36081047300
309,GRAND CENTRAL - 42ND ST,-73.9767132992584,40.75180742981634,4-5-6-6 Express,36061009200
310,GRAND CENTRAL - 42ND ST,-73.97918899989101,40.75276866674217,S,36061009400
311,GRAND CENTRAL - 42ND ST,-73.97604100111508,40.751431000286864,7-7 Express,36061008000
312,GRAND ST,-73.94049699874644,40.71157600064823,L,36047049500
313,GRAND ST,-73.99375299913589,40.71826699954992,B-D,36061001800
314,GRANT AVE,-73.86504999877702,40.67704400054478,A-S,36047120200
315,GRAVESEND - 86TH ST,-73.97818899936274,40.59246500088859,N,36047030800
316,GREENPOINT AVE,-73.95442500146235,40.73126699971465,G,36047057500
317,GUN HILL RD,-73.86613410538703,40.877839385172024,5-Feb,36005037800
318,GUN HILL RD,-73.84638400151765,40.86952599962676,5,36005035000
319,HALSEY ST,-73.90393400118631,40.69551800114878,L,36081055500
320,HALSEY ST,-73.9166388842194,40.686415270704344,J,36047039700
321,HARLEM - 148 ST,-73.93647000005559,40.82388000080457,3,36061023600
322,HERALD SQ - 34TH ST,-73.98777189072918,40.74978939990011,B-D-F-M,36061010900
323,HERALD SQ - 34TH ST,-73.9879368338264,40.74964456009442,N-Q-R-W,36061010100
324,HEWES ST,-73.95348800038457,40.706889998054,J-M,36047052900
325,HIGH ST,-73.99053100065458,40.69933699977884,A-C,36047001300
326,HOUSTON ST,-74.00536700180581,40.728251000730204,2-Jan,36061003700
327,HOWARD BEACH - JFK AIRPORT,-73.83030100071032,40.66047600004959,A,36081088400
328,HOYT - SCHERMERHORN STS,-73.98503624034139,40.68840847580642,A-C-G,36047004100
329,HOYT ST,-73.98506379575646,40.69054418535472,3-Feb,36047003700
330,HUNTERS POINT AVE,-73.9489160009391,40.74221599986316,7-7 Express,36081000104
331,HUNTS POINT AVE,-73.89054900017344,40.82094799852307,6-6 Express,36005011900
332,INTERVALE AVE,-73.89661738461646,40.822142131170786,5-Feb,36005008700
333,INWOOD - 207TH ST,-73.91989900100465,40.86807199999737,A,36061029300
334,JACKSON AVE,-73.9077019387083,40.81643746686396,5-Feb,36005007900
335,JACKSON HTS - ROOSEVELT AV,-73.89129866519697,40.74653969115889,E-F-M-R,36081026700
336,JAMAICA - 179TH ST,-73.78381700176453,40.712645666744045,F,36081046800
337,JAMAICA - VAN WYCK,-73.81701287135405,40.70289855287313,E,36081021602
338,JAMAICA CTR - PARSONS / ARCHER,-73.80109632298924,40.70206737621188,E-J-Z,36081024600
339,JAY ST - METROTECH,-73.98721815267317,40.692470636847084,A-C-F,36047001100
340,JAY ST - METROTECH,-73.98605667854612,40.69225539645323,N-R,36047001100
341,JEFFERSON ST,-73.9229130000312,40.706606665988716,L,36047044700
342,JUNCTION BLVD,-73.86952700103515,40.74914499948836,7-7 Express,36081046500
343,JUNIUS ST,-73.90244864183562,40.66358900181724,4-Mar,36047091000
344,KEW GARDENS - UNION TPKE,-73.8303702709878,40.714034819571026,E-F,36081077300
345,KINGS HWY,-73.98037300229343,40.60405899980493,N,36047042600
346,KINGS HWY,-73.9723553085244,40.603258405128265,F,36047041401
347,KINGS HWY,-73.95760873538083,40.608638645396006,B-Q,36047055200
348,KINGSBRIDGE RD,-73.89717400101743,40.867760000885795,4,36005040304
349,KINGSBRIDGE RD,-73.8935090000331,40.86697799999945,B-D,36005040302
350,KINGSTON - THROOP AVES,-73.94085899871263,40.67991899941601,A-C,36047026900
351,KINGSTON AVE,-73.94215978392963,40.66948144864978,4-Mar,36047033700
352,KNICKERBOCKER AVE,-73.91972000188625,40.69866000123805,M,36047043100
353,KOSCIUSZKO ST,-73.92850899927413,40.69317200129202,J,36047039300
354,LAFAYETTE AVE,-73.97394599849406,40.68611300020567,A-C,36047018100
355,LEXINGTON AVE - 53RD ST,-73.96907237490204,40.75746830782865,E-M,36061009800
356,LEXINGTON AVE - 59TH ST,-73.9679670004732,40.762526000304575,4-5-6-6 Express,36061011402
357,LEXINGTON AVE - 59TH ST,-73.96737501711436,40.762708855394564,N-R-W,36061011402
358,LEXINGTON AVE - 63RD ST,-73.96608964413245,40.76461809442373,F-Q,36061011402
359,LIBERTY AVE,-73.89654800103929,40.67454199987086,A-C,36047119800
360,LIVONIA AVE,-73.90056237226057,40.66405727094644,L,36047091000
361,LONG ISLAND CITY - COURT SQ,-73.94381559597835,40.74630503357145,G,36081001901
362,LONGWOOD AVE,-73.89643499897414,40.816103999972405,6,36005008500
363,LORIMER ST,-73.94735499884204,40.703844000042096,J-M,36047049100
364,LORIMER ST,-73.95024799996972,40.71407200064717,L,36047050100
365,LOWER EAST SIDE - 2ND AVE,-73.98993800003434,40.72340166574911,F,36061003602
366,MARBLE HILL - 225TH ST,-73.90983099923551,40.87456099941789,1,36061030901
367,MARCY AVE,-73.95783200075729,40.708383000017925,J-M-Z,36047052900
368,METROPOLITAN AVE,-73.9514239994525,40.71277400073426,G,36047051300
369,METS - WILLETS POINT,-73.8456249984179,40.75462199881262,7-7 Express,36081038302
370,MIDDLE VILLAGE - METROPOLITAN AVE,-73.88957722978091,40.711431305058255,M,36081061301
371,MIDDLETOWN RD,-73.83632199755944,40.84386300128381,6-6 Express,36005026602
372,MONTROSE AVE,-73.93979284713505,40.70739106438455,L,36047049302
373,MORGAN AVE,-73.93314700024209,40.70615166680729,L,36047045300
374,MORRIS PARK,-73.86049500117254,40.85436399966426,5,36005024800
375,MORRISON AV - SOUNDVIEW,-73.87451599929486,40.82952100156747,6,36005004800
376,MOSHOLU PKWY,-73.88465499988732,40.87974999947229,4,36005041900
377,MT EDEN AVE,-73.9146849986034,40.84443400092679,4,36005022702
378,MYRTLE - WYCKOFF AVES,-73.91217899939602,40.69945400090837,M,36047043900
379,MYRTLE - WYCKOFF AVES,-73.9109757182647,40.699471062427136,L,36047043900
380,MYRTLE AVE,-73.9356230012996,40.6971950005145,J-M-Z,36047028700
381,MYRTLE-WILLOUGHBY AVES,-73.94906699890156,40.69461899903765,G,36047025300
382,NASSAU AVE,-73.95118300016523,40.724479997808274,G,36047056900
383,NECK RD,-73.95507827493762,40.59532169111695,Q,36047058600
384,NEPTUNE AVE,-73.97459272818807,40.580738758491464,F,36047035400
385,NEREID AVE (238 ST),-73.8543153107622,40.898286515575286,5-Feb,36005043400
386,NEVINS ST,-73.98040679874578,40.68831058019022,2-3-4-5,36047003300
387,NEW LOTS AVE,-73.89927796057142,40.65891477368527,L,36047092000
388,NEW LOTS AVE,-73.88411070800329,40.6663149325969,4-Mar,36047112400
389,NEW UTRECHT AVE,-73.99635300025969,40.62484166725887,N,36047025000
390,NEWKIRK AVE,-73.96269486837261,40.63514193733789,B-Q,36047052000
391,NEWKIRK AVE,-73.94829990822407,40.63999124275311,5-Feb,36047083000
392,NORTHERN BLVD,-73.90606508052358,40.752824829236076,E-M-R,36081025500
393,NORWOOD - 205TH ST,-73.87885499918691,40.87481100011182,D,36005042300
394,NORWOOD AVE,-73.87962599910783,40.68152000045683,J-Z,36047117400
395,NOSTRAND AVE,-73.9504262489579,40.66993815093054,4-Mar,36047031702
396,NOSTRAND AVE,-73.95042600099683,40.68043800006226,A-C,36047024700
397,OCEAN PKWY,-73.96850099975177,40.57631166708091,Q,36047036200
398,OZONE PARK - LEFFERTS BLVD,-73.82579799906613,40.68595099878361,A-S,36081010600
399,PARK PL,-74.00881099997359,40.713050999077694,3-Feb,36061002100
400,PARK PL,-73.95762400074634,40.67477166685263,S,36047030500
401,PARKCHESTER,-73.86081600108396,40.83322599927859,6-6 Express,36005007200
402,PARKSIDE AVE,-73.96145343987648,40.65507304163716,Q,36047079802
403,PARSONS BLVD,-73.80328900021885,40.707571999615695,F,36081023600
404,PELHAM BAY PARK,-73.82812100059289,40.85246199951662,6-6 Express,36005030000
405,PELHAM PKWY,-73.86748067850041,40.8571924091606,5-Feb,36005022403
406,PELHAM PKWY,-73.85535900043564,40.858984999820116,5,36005032600
407,PENNSYLVANIA AVE,-73.89488591154061,40.66471445143568,4-Mar,36047112600
408,PRESIDENT ST,-73.95058920022207,40.667883603536815,5-Feb,36047031900
409,PRINCE ST,-73.99770200045987,40.72432866597571,N-Q-R-W,36061004300
410,PROSPECT AVE,-73.99287200067424,40.66541366712979,D-N-R,36047014300
411,PROSPECT AVE,-73.90177778730917,40.81948726483844,5-Feb,36005007900
412,PROSPECT PARK,-73.96203130426609,40.6616334551018,B-Q-S,36047032700
413,QUEENS PLZ,-73.9371,40.7489,E-M-R,36081003301
414,QUEENSBORO PLZ,-73.9401635351909,40.750635651014804,7-7 Express-N-W,36081001902
415,RALPH AVE,-73.92078599933306,40.678822000873375,A-C,36047030100
416,RECTOR ST,-74.0138,40.7075,1,36061001300
417,RECTOR ST,-74.01297456253795,40.707744756294474,R-W,36061001300
418,ROCKAWAY AVE,-73.909,40.6626,4-Mar,36047092400
419,ROCKAWAY AVE,-73.9119,40.6783,A-C,36047092400
420,ROCKAWAY BLVD,-73.8438529979573,40.680428999588415,A-S,36081008600
421,ROCKAWAY PARK - BEACH 116 ST,-73.83559008701239,40.580955865573515,A-S,36081093800
422,ROOSEVELT ISLAND - MAIN ST,-73.95323499978866,40.75917199967108,F,36061023804
423,SARATOGA AVE,-73.91633025007947,40.6615297898075,4-Mar,36047089400
424,SENECA AVE,-73.90758199885423,40.70291899894902,M,36081054900
425,SHEEPSHEAD BAY,-73.95405791257907,40.58654754707536,B-Q,36047060600
426,SHEPHERD AVE,-73.88074999747269,40.6741300014559,A-C,36047116600
427,SIMPSON ST,-73.8931,40.824,5-Feb,36005015900
428,SMITH - 9TH STS,-73.99589172790934,40.67364106090412,F-G,36047011902
429,SOUTH FERRY,-74.01316895919258,40.701730507574474,1,36061000900
430,SPRING ST,-73.99714100006673,40.72230099999366,4-6-6 Express,36061004500
431,SPRING ST,-74.00373899843763,40.72622700129312,A-C-E,36061004900
432,ST LAWRENCE AVE,-73.86761799923673,40.8315090005233,6,36005007000
433,STEINWAY ST,-73.9205,40.757,E-M-R,36081015700
434,STERLING ST,-73.95072891124937,40.6627729934283,5-Feb,36047032900
435,SUTPHIN BLVD,-73.81083299897232,40.70541799906764,F,36081023800
436,SUTPHIN BLVD - ARCHER AV,-73.808,40.7004,E-J-Z,36081020800
437,SUTTER AVE,-73.9019,40.6691,L,36047090800
438,SUTTER AVE - RUTLAND ROAD,-73.92252118536001,40.66476678877493,4-Mar,36047090000
439,TIMES SQ - 42ND ST,-73.98769099825152,40.755477001982506,7-7 Express,36061011300
440,TIMES SQ - 42ND ST,-73.9868,40.7546,N-Q-R-W,36061011300
441,TIMES SQ - 42ND ST,-73.98622899953202,40.755983000570076,S,36061011900
442,TIMES SQ - 42ND ST,-73.98749500051885,40.75528999995681,1/2/03,36061011300
443,TREMONT AVE,-73.9052,40.8504,B-D,36005023502
444,UNION SQ - 14TH ST,-73.99053886181645,40.73587226699812,N-Q-R-W,36061005200
445,UNION SQ - 14TH ST,-73.99066976901818,40.73476331217923,L,36061006100
446,UNION SQ - 14TH ST,-73.98995099881881,40.734673000996125,4-5-6-6 Express,36061005200
447,UNION ST,-73.98310999909673,40.67731566735096,D-N-R,36047011901
448,UTICA AVE,-73.9307,40.6794,A-C,36047029700
449,VAN CORTLANDT PARK - 242ND ST,-73.8986,40.8892,1,36005028500
450,VAN SICLEN AVE,-73.8903580002471,40.67270999906104,A-C,36047115200
451,VAN SICLEN AVE,-73.8894,40.6655,4-Mar,36047112400
452,VAN SICLEN AVE,-73.8917,40.678,J-Z,36047119800
453,VERNON BLVD - JACKSON AVE,-73.95358099875249,40.74262599969749,7-7 Express,36081000701
454,W 4TH ST - WASHINGTON SQ (LOWER),-74.0003,40.7323,B-D-F-M,36061006500
455,W 4TH ST - WASHINGTON SQ (UPPER),-74.00049500225435,40.73233799774325,A-C-E,36061007100
456,W 8TH ST - NY AQUARIUM,-73.97595787413822,40.576033818103646,F-Q,36047035400
457,WAKEFIELD - 241ST ST,-73.8506,40.9031,2,36005043400
458,WALL ST,-74.01186199860112,40.70755700086603,5-Apr,36061000700
459,WALL ST,-74.00909999844257,40.706820999753376,3-Feb,36061000700
460,WEST FARMS SQ - E TREMONT AV,-73.87996127877184,40.84020763241799,5-Feb,36005036100
461,WESTCHESTER SQ - E TREMONT AVE,-73.843,40.8399,6-6 Express,36005020000
462,WHITEHALL ST,-74.0130072374272,40.703142373599135,R-W,36061000900
463,WHITLOCK AVE,-73.8862829985325,40.82652500055904,6,36005012300
464,WILSON AVE,-73.904,40.6889,L,36047040900
465,WINTHROP ST,-73.95007934590994,40.65665931376077,5-Feb,36047080400
466,WOODHAVEN BLVD,-73.85205199740794,40.69370399880105,J-Z,36081002200
467,WOODHAVEN BLVD - QUEENS MALL,-73.8694,40.7331,E-M-R,36081068300
468,WOODLAWN,-73.87875099990931,40.886037000253324,4,36005043101
469,WOODSIDE - 61ST ST,-73.90298400173006,40.745630001138395,7-7 Express,36081026100
470,WORLD TRADE CENTER,-74.00974461517701,40.71256392680817,E,36061002100
471,YORK ST,-73.9869,40.6997,F,36047001300
472,ZEREGA AVE,-73.8470359987544,40.836488000608156,6-6 Express,36005009600
